INSERT INTO Company
(Cnumber, name, address, phone, Edate)
VALUES ('C001', 'ibm', 'new york, new york, united states', 123456789, to_date('25-10-1983', 'dd-mm-yyyy'));

INSERT INTO Company
    (Cnumber, name, address, phone, Edate)
VALUES
('C002', 'tata consultancy services', 'bombay, maharashtra, india', 297199021, to_date('31-10-1984', 'dd-mm-yyyy'));

INSERT INTO Company
(Cnumber, name, address, phone, Edate)
VALUES
('C003', 'accenture', 'dublin, dublin, ireland', 711534137, to_date('03-04-1985', 'dd-mm-yyyy'));

INSERT INTO Company
(Cnumber, name, address, phone, Edate)
VALUES
('C004', 'us army', 'alexandria, virginia, united states', 172087619, to_date('12-12-1986', 'dd-mm-yyyy'));

INSERT INTO Company
(Cnumber, name, address, phone, Edate)
VALUES
('C006', 'ey', 'london, greater london, united kingdom', 304918770, to_date('13-10-1987', 'dd-mm-yyyy'));

INSERT INTO Company
(Cnumber, name, address, phone, Edate)
VALUES
('C007', 'hewlett-packard', 'palo alto, california, united states', 596498118, to_date('14-11-1988', 'dd-mm-yyyy'));

INSERT INTO Company
(Cnumber, name, address, phone, Edate)
VALUES
('C008', 'cognizant technology solutions', 'teaneck, new jersey, united states
', 336953427, to_date('15-09-1989', 'dd-mm-yyyy'));

INSERT INTO Company
(Cnumber, name, address, phone, Edate)
VALUES
('C009', 'walmart', 'withee, wisconsin, united states', 940615774, to_date('16-08-1990', 'dd-mm-yyyy'));

INSERT INTO Company
(Cnumber, name, address, phone, Edate)
VALUES
('C010', 'microsoft', 'redmond, washington, united states', 817553561, to_date('17-07-1991', 'dd-mm-yyyy'));

INSERT INTO Company
(Cnumber, name, address, phone, Edate)
VALUES
('C011', 'at&t', 'dallas, texas, united states', 410156721, to_date('18-06-1992', 'dd-mm-yyyy'));

INSERT INTO Company
(Cnumber, name, address, phone, Edate)
VALUES
('C012', 'united states air force', 'randolph, texas, united states', 980826420, to_date('19-05-1993', 'dd-mm-yyyy'));

INSERT INTO Company
(Cnumber, name, address, phone, Edate)
VALUES
('C013', 'infosys', 'bangalore, karnataka, india', 302118051, to_date('21-03-1995', 'dd-mm-yyyy'));

INSERT INTO Company
(Cnumber, name, address, phone, Edate)
VALUES
('C014', 'wells fargo', 'san francisco, california, united states', 472364612, to_date('20-04-1994', 'dd-mm-yyyy'));

INSERT INTO Company
(Cnumber, name, address, phone, Edate)
VALUES
('C015', 'bank of america', 'charlotte, north carolina, united states', 322950827, to_date('21-03-1993', 'dd-mm-yyyy'));

INSERT INTO Company
(Cnumber, name, address, phone, Edate)
VALUES
('C016', 'us navy', 'washington, district of columbia, united states', 446628296, to_date('22-02-1994', 'dd-mm-yyyy'));

INSERT INTO Company
(Cnumber, name, address, phone, Edate)
VALUES
('C017', 'amazon', 'seattle, washington, united states', 904400796, to_date('23-01-1995', 'dd-mm-yyyy'));

INSERT INTO Company
(Cnumber, name, address, phone, Edate)
VALUES('C018', 'apple', 'cupertino, california, united states', 577143988, to_date('24-12-1996', 'dd-mm-yyyy'));

INSERT INTO Company
(Cnumber, name, address, phone, Edate)
VALUES
('C019', 'siemens', 'munich, bavaria, germany', 372939656, to_date('26-11-1997', 'dd-mm-yyyy'));

INSERT INTO Company
(Cnumber, name, address, phone, Edate)
VALUES
('C020', 'oracle', 'redwood shores, california, united states', 567386341, to_date('25-10-1998', 'dd-mm-yyyy'));
 ----------------------------PERSON---------------------------


INSERT INTO Person
(SSN, Fname, Lname, address, phone)
VALUES
('629084856384', 'james', 'cynthia','espoo, uusimaa, finland', '770752094');

INSERT INTO Person
(SSN, Fname, Lname, address, phone)
VALUES
('232456404174', 'john', 'heather','bangalore, karnataka, india', '565942221');

INSERT INTO Person
(SSN, Fname, Lname, address, phone)
VALUES('588367200110', 'michael', 'deborah','france, aquitaine, france', '379504896');

INSERT INTO Person
(SSN, Fname, Lname, address, phone)
VALUES
('588363130110', 'william', 'jamie','london, greater london, united kingdom', '323504896');

INSERT INTO Person
(SSN, Fname, Lname, address, phone)
VALUES
('588363400120', 'robert', 'emily','mountain view, california, united states', '323504893');

INSERT INTO Person
(SSN, Fname, Lname, address, phone)
VALUES
('588363400167', 'david', 'stephanie','washington, district of columbia, united states', '323504812');

INSERT INTO Person
(SSN, Fname, Lname, address, phone)
VALUES
('588361200167', 'richard', 'karen','washington, oak brook, illinois, united states', '323504823');

INSERT INTO Person
(SSN, Fname, Lname, address, phone)
VALUES
('128361200167', 'charles', 'dawn','washington, oak brook, illinois, united states', '233504823');

INSERT INTO Person
(SSN, Fname, Lname, address, phone)
VALUES
('238361200167', 'joseph', 'danielle','kista, stockholm, sweden', '343504823');

INSERT INTO Person
(SSN, Fname, Lname, address, phone)
VALUES
('348361200167', 'thomas', 'susan','kista, stockholm, sweden', '453504823');

INSERT INTO Person
(SSN, Fname, Lname, address, phone)
VALUES
('458361200167', 'christopher', 'mary','chicago, illinois, united states', '563504823');

INSERT INTO Person
(SSN, Fname, Lname, address, phone)
VALUES
('568361200167', 'daniel', 'heather','berks, west berkshire, united kingdom', '673504823');

INSERT INTO Person
(SSN, Fname, Lname, address, phone)
VALUES
('568361204367', 'daniel', 'heather','berks, west berkshire, united kingdom', '673504843');

INSERT INTO Person
(SSN, Fname, Lname, address, phone)
VALUES
('678361200167', 'mark', 'ashley','oakland, california, united states', '783504823');

INSERT INTO Person
(SSN, Fname, Lname, address, phone)
VALUES
('788361200167', 'donald', 'mary','dearborn, michigan, united states', '893504823');

INSERT INTO Person
(SSN, Fname, Lname, address, phone)
VALUES
('898361200167', 'george', 'sophia','santa clara, california, united states', '893504834');

INSERT INTO Person
(SSN, Fname, Lname, address, phone)
VALUES
('899361200167', 'george', 'julie','washington, district of columbia, united states', '892504834');

INSERT INTO Person
(SSN, Fname, Lname, address, phone)
VALUES
('899360200178', 'kenneth', 'michelle','san jose, california, united states', '893504835');

INSERT INTO Person
(SSN, Fname, Lname, address, phone)
VALUES
('899360200189', 'steven', 'amanda','detroit, michigan, united states', '893504857');

INSERT INTO Person
(SSN, Fname, Lname, address, phone)
VALUES
('899360201189', 'edward', 'laura','purchase, new york, united states', '893506857');

INSERT INTO Person
(SSN, Fname, Lname, address, phone)
VALUES
('899380201189', 'brian', 'kelsey','minneapolis, minnesota, united states', '893106857');

INSERT INTO Person
(SSN, Fname, Lname, address, phone)
VALUES
('899380201389', 'ronald', 'georgia','the hague, zuid-holland, netherlands', '893106787');

INSERT INTO Person
(SSN, Fname, Lname, address, phone)
VALUES
('899380201499', 'anthony', 'elsie','noida, uttar pradesh, india', '893106897');

INSERT INTO Person
(SSN, Fname, Lname, address, phone)
VALUES
('899380202599', 'kevin', 'hazel','atlanta, georgia, united states', '893106907');

INSERT INTO Person
(SSN, Fname, Lname, address, phone)
VALUES
('899381302599', 'jason', 'elsie','new york, new york, united states', '893106017');

INSERT INTO Person
(SSN, Fname, Lname, address, phone)
VALUES
('890481302599', 'matthew', 'clara','london, greater london, united kingdom', '893216017');

INSERT INTO Person
(SSN, Fname, Lname, address, phone)
VALUES
('890591302599', 'gary', 'virginia','vevey, vaud, switzerland', '893217117');

INSERT INTO Person
(SSN, Fname, Lname, address, phone)
VALUES
    ('890591302609', 'timothy', 'catherine','minneapolis, minnesota, united states', '893217128');

INSERT INTO Person
(SSN, Fname, Lname, address, phone)
VALUES
('890591303609', 'jose', 'eunice','shenzhen, guangdong, china', '893217348');

INSERT INTO Person
(SSN, Fname, Lname, address, phone)
VALUES
('890591314609', 'larry', 'lela','round rock, texas, united states', '893218448');

INSERT INTO Person
(SSN, Fname, Lname, address, phone)
VALUES
('890502314609', 'frank', 'melba','hayes, hillingdon, united kingdom', '893101848');

INSERT INTO Person
(SSN, Fname, Lname, address, phone)
VALUES
('891602314609', 'scott', 'mable','morristown, new jersey, united states', '893102948');

INSERT INTO Person
(SSN, Fname, Lname, address, phone)
VALUES
('891602325609', 'eric', 'peggy','bethesda, maryland, united states', '894203048');

INSERT INTO Person
(SSN, Fname, Lname, address, phone)
VALUES
('891603425609', 'stephen', 'cora','zurich, zurich, switzerland', '894204148');

INSERT INTO Person
(SSN, Fname, Lname, address, phone)
VALUES
('891603535609', 'andrew', 'joyce','seattle, washington, united states', '895304148');

INSERT INTO Person
(SSN, Fname, Lname, address, phone)
VALUES
('891603536709', 'raymond', 'wilma','seattle, washington, united states', '895305248');

INSERT INTO Person
(SSN, Fname, Lname, address, phone)
VALUES
('891603538909', 'gregory', 'billie','new york, new york, united states', '895305358');

INSERT INTO Person
(SSN, Fname, Lname, address, phone)
VALUES
('891603648909', 'raymond', 'christine','atlanta, georgia, united states', '895306458');

INSERT INTO Person
(SSN, Fname, Lname, address, phone)
VALUES
('891713648909', 'jerry', 'alberta','basel, basel-city, switzerland', '895317458');

INSERT INTO Person
(SSN, Fname, Lname, address, phone)
VALUES
('891713758909', 'joshua', 'katie','new brunswick, new jersey, united states', '895317568');

INSERT INTO Person
(SSN, Fname, Lname, address, phone)
VALUES
('891713769909', 'dennis', 'doris','london, greater london, united kingdom', '895427568');

INSERT INTO Person
(SSN, Fname, Lname, address, phone)
VALUES
('891735769909', 'walter', 'lois','erlanger, kentucky, united states', '895421268');

INSERT INTO Person
(SSN, Fname, Lname, address, phone)
VALUES
('832735769909', 'patrick', 'ollie','bloomington, illinois, united states', '895451268');

INSERT INTO Person
(SSN, Fname, Lname, address, phone)
VALUES
('832735769709', 'peter', 'willie','bonn, nordrhein-westfalen, germany', '895457868');

INSERT INTO Person
(SSN, Fname, Lname, address, phone)
VALUES
('732735769709', 'harold', 'lula','toronto, ontario, canada', '895427868');

INSERT INTO Person
(SSN, Fname, Lname, address, phone)
VALUES
('732735769819', 'douglas', 'shirley','fairfield, connecticut, united states', '895527868');

INSERT INTO Person
(SSN, Fname, Lname, address, phone)
VALUES
('732825769819', 'henry', 'bessie','fairfield, connecticut, united states', '895525568');

INSERT INTO Person
(SSN, Fname, Lname, address, phone)
VALUES
('732825769439', 'carl', 'grace','fairfield, connecticut, united states', '895525553');

INSERT INTO Person
(SSN, Fname, Lname, address, phone)
VALUES
('775825769439', 'arthur', 'kathleen','guildford, surrey, united kingdom', '892125553');

INSERT INTO Person
(SSN, Fname, Lname, address, phone)
VALUES
('723825769439', 'ryan', 'rebecca','zurich, zurich, switzerland', '892165553');

INSERT INTO Person
(SSN, Fname, Lname, address, phone)
VALUES
('723825769529', 'arthur', 'mildred','cincinnati, ohio, united states', '892165653');

INSERT INTO Person
(SSN, Fname, Lname, address, phone)
VALUES
('724325769529', 'ryan', 'laura','deerfield, illinois, united states', '892165123');

----------------
INSERT INTO Person
(SSN, Fname, Lname, address, phone)
VALUES
('724325769523', 'ryan', 'giggs','toronto, ontario, canada', '843165123');

INSERT INTO Person
(SSN, Fname, Lname, address, phone)
VALUES
('588367206510', 'frank lampard', 'lampard','fairfield, connecticut, united states', '379124896');

INSERT INTO Person
(SSN, Fname, Lname, address, phone)
VALUES
('585463130110', 'david', 'james','guildford, surrey, united kingdom', '323504346');

INSERT INTO Person
(SSN, Fname, Lname, address, phone)
VALUES
('588363400230', 'gareth', 'barry','zurich, zurich, switzerland', '433504893');

INSERT INTO Person
(SSN, Fname, Lname, address, phone)
VALUES
('582363400167', 'gary', 'speed','cincinnati, ohio, united states', '323506512');

INSERT INTO Person
(SSN, Fname, Lname, address, phone)
VALUES
('232361200167', 'emile', 'heskey','deerfield, illinois, united states', '323504654');

INSERT INTO Person
(SSN, Fname, Lname, address, phone)
VALUES
('128361209867', 'rio', 'ferdinand','austin, texas, united states', '287504823');

INSERT INTO Person
(SSN, Fname, Lname, address, phone)
VALUES
('238361299167', 'mark', 'schwarzer','kista, stockholm, sweden', '343504993');


INSERT INTO Person
(SSN, Fname, Lname, address, phone)
VALUES
('348771200167', 'jamie', 'carragher','mooresville, north carolina, united states', '457704823');

INSERT INTO Person
(SSN, Fname, Lname, address, phone)
VALUES
    ('458661200167', 'philip', 'neville','washington, district of columbia, united states', '563504865');

INSERT INTO Person
(SSN, Fname, Lname, address, phone)
VALUES
('568361206567', 'steven', 'gerrard','hopkinton, massachusetts, united states', '673504983');

INSERT INTO Person
(SSN, Fname, Lname, address, phone)
VALUES
    ('568361212167', 'sol', 'campbell','pune, maharashtra, india', '673507623');

INSERT INTO Person
(SSN, Fname, Lname, address, phone)
VALUES
    ('678361298167', 'paul', 'scholes','basking ridge, new jersey, united states', '712504823');

INSERT INTO Person
(SSN, Fname, Lname, address, phone)
VALUES
('788361980167', 'john', 'terry','frankfurt, hessen, germany', '899004823');

INSERT INTO Person
(SSN, Fname, Lname, address, phone)
VALUES
    ('823361200167', 'aaron', 'hughes','shenzhen, guangdong, china', '893504784');

INSERT INTO Person
(SSN, Fname, Lname, address, phone)
VALUES
    ('899231200167', 'brad', 'friedel','new york, new york, united states', '892504344');

INSERT INTO Person
(SSN, Fname, Lname, address, phone)
VALUES
    ('779360200178', 'kevin', 'davies','basking ridge, new jersey, united states', '823504835');

INSERT INTO Person
(SSN, Fname, Lname, address, phone)
VALUES
    ('899360208889', 'shay', 'given','montvale, new jersey, united states', '893577857');

INSERT INTO Person
(SSN, Fname, Lname, address, phone)
VALUES
    ('439360201189', 'alan', 'shearer','mountain view, california, united states', '123506857');

INSERT INTO Person
(SSN, Fname, Lname, address, phone)
VALUES
    ('895580201189', 'jussi', 'jaaskelainen','london, greater london, united kingdom', '893166857');

INSERT INTO Person
(SSN, Fname, Lname, address, phone)
VALUES
    ('899398201389', 'sylvain', 'distin','menlo park, california, united states', '893199787');

INSERT INTO Person
(SSN, Fname, Lname, address, phone)
VALUES
    ('899323201499', 'gareth', 'southgate','falls church, virginia, united states', '893165897');

INSERT INTO Person
(SSN, Fname, Lname, address, phone)
VALUES
    ('899380267599', 'richard', 'dunne','atlanta, georgia, united states', '893112907');

INSERT INTO Person
(SSN, Fname, Lname, address, phone)
VALUES
    ('892381302599', 'michael', 'carrick','new york, new york, united states', '893106517');

INSERT INTO Person
(SSN, Fname, Lname, address, phone)
VALUES
    ('890481303499', 'teddy', 'sheringham','london, greater london, united kingdom', '892316017');

INSERT INTO Person
(SSN, Fname, Lname, address, phone)
VALUES
    ('890231302599', 'danny', 'murphy','vevey, vaud, switzerland', '763217117');

INSERT INTO Person
(SSN, Fname, Lname, address, phone)
VALUES
    ('320591302609', 'andy', 'cole','minneapolis, minnesota, united states', '893287128');

INSERT INTO Person
(SSN, Fname, Lname, address, phone)
VALUES
    ('890231303609', 'nicky', 'butt','shenzhen, guangdong, china', '893217768');

INSERT INTO Person
(SSN, Fname, Lname, address, phone)
VALUES
    ('823591314609', 'wayne', 'rooney','round rock, texas, united states', '893217648');

INSERT INTO Person
(SSN, Fname, Lname, address, phone)
VALUES
    ('890232314609', 'gary', 'neville','hayes, hillingdon, united kingdom', '893871848');

INSERT INTO Person
(SSN, Fname, Lname, address, phone)
VALUES
    ('891602314099', 'kevin', 'nolan','morristown, new jersey, united states', '897602948');

INSERT INTO Person
(SSN, Fname, Lname, address, phone)
VALUES
    ('891602655609', 'lee', 'bowyer','bethesda, maryland, united states', '894202348');

INSERT INTO Person
(SSN, Fname, Lname, address, phone)
VALUES
    ('891603425239', 'peter', 'crouch','zurich, zurich, switzerland', '854204148');

INSERT INTO Person
(SSN, Fname, Lname, address, phone)
VALUES
    ('891603536509', 'damien', 'duff','seattle, washington, united states', '823304148');

INSERT INTO Person
(SSN, Fname, Lname, address, phone)
VALUES
    ('891603536549', 'james', 'milner','seattle, washington, united states', '895308948');

INSERT INTO Person
(SSN, Fname, Lname, address, phone)
VALUES
    ('891644538909', 'ashley', 'cole','new york, new york, united states', '895305748');

INSERT INTO Person
(SSN, Fname, Lname, address, phone)
VALUES
    ('891603658909', 'george', 'boateng','atlanta, georgia, united states', '895302358');

INSERT INTO Person
(SSN, Fname, Lname, address, phone)
VALUES
    ('891713648965', 'jermain', 'defoe','basel, basel-city, switzerland', '895312358');

INSERT INTO Person
(SSN, Fname, Lname, address, phone)
VALUES
    ('891873758909', 'joe', 'cole','new brunswick, new jersey, united states', '895315468');

INSERT INTO Person
(SSN, Fname, Lname, address, phone)
VALUES
    ('891723769909', 'ray', 'parlour','london, greater london, united kingdom', '895657568');

INSERT INTO Person
(SSN, Fname, Lname, address, phone)
VALUES
('895435769909', 'robbie', 'fowler','erlanger, kentucky, united states', '895121268');

INSERT INTO Person
(SSN, Fname, Lname, address, phone)
VALUES
    ('832735765409', 'luke', 'young','bloomington, illinois, united states', '893251268');

INSERT INTO Person
(SSN, Fname, Lname, address, phone)
VALUES
    ('832235769709', 'stephen', 'carr','bonn, nordrhein-westfalen, germany', '895456568');

INSERT INTO Person
(SSN, Fname, Lname, address, phone)
VALUES
    ('737835769709', 'stewart', 'downing','toronto, ontario, canada', '895421868');

INSERT INTO Person
(SSN, Fname, Lname, address, phone)
VALUES
    ('732738769819', 'dwight', 'yorke','fairfield, connecticut, united states', '895523268');

INSERT INTO Person
(SSN, Fname, Lname, address, phone)
VALUES
    ('732235769819', 'tim', 'howard','fairfield, connecticut, united states', '895435568');

INSERT INTO Person
(SSN, Fname, Lname, address, phone)
VALUES
    ('732235769439', 'paul', 'robinson','fairfield, connecticut, united states', '895655553');

INSERT INTO Person
(SSN, Fname, Lname, address, phone)
VALUES
    ('835825769439', 'nigel', 'martyn','guildford, surrey, united kingdom', '892127653');

INSERT INTO Person
(SSN, Fname, Lname, address, phone)
VALUES
    ('723825769443', 'roy', 'keane','zurich, zurich, switzerland', '892132553');

INSERT INTO Person
(SSN, Fname, Lname, address, phone)
VALUES
    ('723825169529', 'david', 'unsworth','cincinnati, ohio, united states', '892435653');

INSERT INTO Person
(SSN, Fname, Lname, address, phone)
VALUES
    ('723325769529', 'nicolas', 'anelka','deerfield, illinois, united states', '892165543');

INSERT INTO Person
(SSN, Fname, Lname, address, phone)
VALUES
('724325469529', 'scott', 'parker','deerfield, illinois, united states', '892112123');

------------------------Them 15 person-------------------

INSERT INTO Person
(SSN, Fname, Lname, address, phone)
VALUES
    ('727625469529', 'victor', 'helen','verwoerdburg, gauteng, south africa', '892113623');

INSERT INTO Person
(SSN, Fname, Lname, address, phone)
VALUES
    ('727627669529', 'gavin', 'mccann','horn lake, mississippi, united states', '892113233');

INSERT INTO Person
(SSN, Fname, Lname, address, phone)
VALUES
    ('577627669529', 'garry', 'flitcroft','irvine, california, united states', '892113234');

INSERT INTO Person
(SSN, Fname, Lname, address, phone)
VALUES
    ('577627669679', 'simon', 'davies','almelo, overijssel, netherlands', '874113234');

INSERT INTO Person
(SSN, Fname, Lname, address, phone)
VALUES
    ('577692669679', 'nolberto', 'solano','hialeah, florida, united states', '874119234');

INSERT INTO Person
(SSN, Fname, Lname, address, phone)
VALUES
    ('577698869679', 'gabriel', 'agbonlahor','new york, new york, united states', '874188234');

INSERT INTO Person
(SSN, Fname, Lname, address, phone)
VALUES
    ('577666869679', 'alan', 'wright','noord, noord-brabant, netherlands', '874188664');

INSERT INTO Person
(SSN, Fname, Lname, address, phone)
VALUES
    ('577667769679', 'lee', 'dixon','london, london, united kingdom', '874187764');

INSERT INTO Person
(SSN, Fname, Lname, address, phone)
VALUES
    ('577667787679', 'paul', 'ince','hartford, connecticut, united states', '874127764');

INSERT INTO Person
(SSN, Fname, Lname, address, phone)
VALUES
    ('574467787679', 'patrick', 'vieira','beaverton, oregon, united states', '874127444');
commit;

insert into Trainee values('629084856384', to_date('29/10/2004', 'dd/mm/yyyy'), httpuritype.createUri('https://freeimage.host/i/HfnFwtp'), 'C001');
insert into Trainee values('232456404174', to_date('19/03/2003', 'dd/mm/yyyy'), httpuritype.createUri('https://freeimage.host/i/HfnFOoN'), 'C002');
insert into Trainee values('588367200110', to_date('21/03/1997', 'dd/mm/yyyy'), httpuritype.createUri('https://freeimage.host/i/HfnK0b4'), 'C003');
insert into Trainee values('588363130110', to_date('13/06/2004', 'dd/mm/yyyy'), httpuritype.createUri('https://freeimage.host/i/HfnKEzl'), 'C004');
insert into Trainee values('588363400120', to_date('02/02/2000', 'dd/mm/yyyy'), httpuritype.createUri('https://freeimage.host/i/HfnKqUg'), 'C006');
insert into Trainee values('588363400167', to_date('12/05/2001', 'dd/mm/yyyy'), httpuritype.createUri('https://freeimage.host/i/HfnKwdu'), 'C006');
insert into Trainee values('588361200167', to_date('07/06/2002', 'dd/mm/yyyy'), httpuritype.createUri('https://freeimage.host/i/HfnKX19'), 'C007');
insert into Trainee values('128361200167', to_date('20/11/1998', 'dd/mm/yyyy'), httpuritype.createUri('https://freeimage.host/i/HfnqJ6P'), null);
insert into Trainee values('238361200167', to_date('03/08/1999', 'dd/mm/yyyy'), httpuritype.createUri('https://freeimage.host/i/HfnKi7a'), 'C008');
insert into Trainee values('348361200167', to_date('26/12/1997', 'dd/mm/yyyy'), httpuritype.createUri('https://freeimage.host/i/HfnqqAJ'), 'C009');
insert into Trainee values('458361200167', to_date('19/03/2000', 'dd/mm/yyyy'), httpuritype.createUri('https://freeimage.host/i/HfnqF8g'), 'C010');
insert into Trainee values('568361200167', to_date('12/02/2002', 'dd/mm/yyyy'), httpuritype.createUri('https://freeimage.host/i/HfnFpHb'), 'C011');
insert into Trainee values('568361204367', to_date('21/05/2001', 'dd/mm/yyyy'), httpuritype.createUri('https://freeimage.host/i/HfnfRhQ'), 'C012');
insert into Trainee values('678361200167', to_date('28/06/2001', 'dd/mm/yyyy'), httpuritype.createUri('https://freeimage.host/i/HfnfdkG'), 'C013');
insert into Trainee values('788361200167', to_date('19/07/2001', 'dd/mm/yyyy'), httpuritype.createUri('https://freeimage.host/i/HfnfzYu'), null);
insert into Trainee values('898361200167', to_date('02/09/1998', 'dd/mm/yyyy'), httpuritype.createUri('https://freeimage.host/i/HfnhAAX'), null);
insert into Trainee values('899361200167', to_date('08/02/2002', 'dd/mm/yyyy'), httpuritype.createUri('https://freeimage.host/i/HfnKi7a'), null);
insert into Trainee values('899360200178', to_date('22/05/2002', 'dd/mm/yyyy'), httpuritype.createUri('https://freeimage.host/i/HfnfLF9'), null);
insert into Trainee values('899360200189', to_date('12/11/2003', 'dd/mm/yyyy'), httpuritype.createUri('https://freeimage.host/i/HfnhcP4'), null);
insert into Trainee values('899360201189', to_date('04/02/2003', 'dd/mm/yyyy'), httpuritype.createUri('https://freeimage.host/i/HfnK50X'), null);
insert into Trainee values('899380201189', to_date('19/05/2004', 'dd/mm/yyyy'), httpuritype.createUri('https://freeimage.host/i/HfnfzYu'), null);
insert into Trainee values('899380201389', to_date('04/01/1997', 'dd/mm/yyyy'), httpuritype.createUri('https://freeimage.host/i/Hfnh0Kl'), 'C014');
insert into Trainee values('899380201499', to_date('14/03/1999', 'dd/mm/yyyy'), httpuritype.createUri('https://freeimage.host/i/HfnK8XV'), 'C015');
insert into Trainee values('899380202599', to_date('11/04/2002', 'dd/mm/yyyy'), httpuritype.createUri('https://freeimage.host/i/Hfnfkan'), 'C016');
insert into Trainee values('899381302599', to_date('19/07/2004', 'dd/mm/yyyy'), httpuritype.createUri('https://freeimage.host/i/HfnhVR9'), 'C017');
insert into Trainee values('890481302599', to_date('15/11/1998', 'dd/mm/yyyy'), httpuritype.createUri('https://freeimage.host/i/HfnfdkG'), 'C018');
insert into Trainee values('890591302599', to_date('23/10/2001', 'dd/mm/yyyy'), httpuritype.createUri('https://freeimage.host/i/HfnfPGS'), 'C019');
insert into Trainee values('890591302609', to_date('06/08/2002', 'dd/mm/yyyy'), httpuritype.createUri('https://freeimage.host/i/Hfnfn49'), 'C020');
insert into Trainee values('890591303609', to_date('20/05/2004', 'dd/mm/yyyy'), httpuritype.createUri('https://freeimage.host/i/HfnqJ6P'), null);
insert into Trainee values('890591314609', to_date('06/04/2001', 'dd/mm/yyyy'), httpuritype.createUri('https://freeimage.host/i/HfnhWNe'), 'C011');
insert into Trainee values('890502314609', to_date('20/03/2000', 'dd/mm/yyyy'), httpuritype.createUri('https://freeimage.host/i/HfnKEzl'), 'C015');
insert into Trainee values('891602314609', to_date('03/09/1999', 'dd/mm/yyyy'), httpuritype.createUri('https://freeimage.host/i/Hfnfmwx'), 'C014');
insert into Trainee values('891602325609', to_date('08/01/1997', 'dd/mm/yyyy'), httpuritype.createUri('https://freeimage.host/i/HfnFyRj'), 'C018');
insert into Trainee values('891603425609', to_date('10/10/1999', 'dd/mm/yyyy'), httpuritype.createUri('https://freeimage.host/i/Hfnf5QV'), 'C017');
insert into Trainee values('891603535609', to_date('18/03/2004', 'dd/mm/yyyy'), httpuritype.createUri('https://freeimage.host/i/HfnhSHP'), 'C010');
insert into Trainee values('891603536709', to_date('31/12/2004', 'dd/mm/yyyy'), httpuritype.createUri('https://freeimage.host/i/HfnfLF9'), 'C010');
insert into Trainee values('891603538909', to_date('30/12/1999', 'dd/mm/yyyy'), httpuritype.createUri('https://freeimage.host/i/HfnhUR1'), 'C006');
insert into Trainee values('891603648909', to_date('06/09/2001', 'dd/mm/yyyy'), httpuritype.createUri('https://freeimage.host/i/HfnKHDQ'), 'C004');
insert into Trainee values('891713648909', to_date('13/12/1997', 'dd/mm/yyyy'), httpuritype.createUri('https://freeimage.host/i/Hfnfgj4'), 'C001');
insert into Trainee values('891713758909', to_date('10/02/2003', 'dd/mm/yyyy'), httpuritype.createUri('https://freeimage.host/i/Hfnh6xa'), 'C002');
-- 2019
insert into Trainee values('891713769909', to_date('07/10/2001', 'dd/mm/yyyy'), httpuritype.createUri('https://freeimage.host/i/HfnKX19'), 'C008');
insert into Trainee values('891735769909', to_date('04/07/2001', 'dd/mm/yyyy'), httpuritype.createUri('https://freeimage.host/i/HfnfRhQ'), 'C009');
insert into Trainee values('832735769909', to_date('19/11/1999', 'dd/mm/yyyy'), httpuritype.createUri('https://freeimage.host/i/HfnhPWJ'), 'C012');
insert into Trainee values('832735769709', to_date('01/01/1998', 'dd/mm/yyyy'), httpuritype.createUri('https://freeimage.host/i/HfnhLfR'), 'C007');
insert into Trainee values('732735769709', to_date('01/12/2003', 'dd/mm/yyyy'), httpuritype.createUri('https://freeimage.host/i/HfnfUuf'), 'C013');
insert into Trainee values('732735769819', to_date('24/08/2002', 'dd/mm/yyyy'), httpuritype.createUri('https://freeimage.host/i/Hfnfn49'), 'C014');
insert into Trainee values('732825769819', to_date('13/08/2003', 'dd/mm/yyyy'), httpuritype.createUri('https://freeimage.host/i/HfnqHMB'), 'C003');
insert into Trainee values('732825769439', to_date('17/02/2003', 'dd/mm/yyyy'), httpuritype.createUri('https://freeimage.host/i/HfnhQlp'), 'C011');
insert into Trainee values('775825769439', to_date('09/01/1999', 'dd/mm/yyyy'), httpuritype.createUri('https://freeimage.host/i/HfnfdkG'), 'C007');
insert into Trainee values('723825769439', to_date('13/03/2003', 'dd/mm/yyyy'), httpuritype.createUri('https://freeimage.host/i/HfnfjCN'), 'C008');
insert into Trainee values('723825769529', to_date('03/10/2002', 'dd/mm/yyyy'), httpuritype.createUri('https://freeimage.host/i/HfnFyRj'), 'C020');
insert into Trainee values('724325769529', to_date('01/06/2000', 'dd/mm/yyyy'), httpuritype.createUri('https://freeimage.host/i/HfnqqAJ'), null);
insert into Trainee values('724325769523', to_date('13/12/2000', 'dd/mm/yyyy'), httpuritype.createUri('https://freeimage.host/i/HfnhmOX'), 'C009');
insert into Trainee values('588367206510', to_date('11/08/2003', 'dd/mm/yyyy'), httpuritype.createUri('https://freeimage.host/i/Hfnftyb'), 'C009');
insert into Trainee values('585463130110', to_date('14/12/1999', 'dd/mm/yyyy'), httpuritype.createUri('https://freeimage.host/i/HfnfRhQ'), 'C008');
insert into Trainee values('588363400230', to_date('11/12/2001', 'dd/mm/yyyy'), httpuritype.createUri('https://freeimage.host/i/Hfnj9xs'), 'C008');
insert into Trainee values('582363400167', to_date('13/08/2001', 'dd/mm/yyyy'), httpuritype.createUri('https://freeimage.host/i/HfnKr11'), 'C008');
insert into Trainee values('232361200167', to_date('02/08/1999', 'dd/mm/yyyy'), httpuritype.createUri('https://freeimage.host/i/HfnqJ6P'), 'C018');
insert into Trainee values('128361209867', to_date('13/01/2000', 'dd/mm/yyyy'), httpuritype.createUri('https://freeimage.host/i/HfnjHWG'), 'C010');
insert into Trainee values('238361299167', to_date('16/11/2004', 'dd/mm/yyyy'), httpuritype.createUri('https://freeimage.host/i/HfnFpHb'), 'C011');
-- 2020
insert into Trainee values('348771200167', to_date('08/07/1998', 'dd/mm/yyyy'), httpuritype.createUri('https://freeimage.host/i/Hfnfkan'), 'C002');
insert into Trainee values('458661200167', to_date('28/11/2003', 'dd/mm/yyyy'), httpuritype.createUri('https://freeimage.host/i/Hfnjq57'), 'C003');
insert into Trainee values('568361206567', to_date('15/07/2003', 'dd/mm/yyyy'), httpuritype.createUri('https://freeimage.host/i/HfnfPGS'), 'C009');
insert into Trainee values('568361212167', to_date('30/09/2002', 'dd/mm/yyyy'), httpuritype.createUri('https://freeimage.host/i/Hfnjozu'), 'C001');
insert into Trainee values('678361298167', to_date('20/11/1997', 'dd/mm/yyyy'), httpuritype.createUri('https://freeimage.host/i/HfnfLF9'), 'C013');
insert into Trainee values('788361980167', to_date('19/10/1999', 'dd/mm/yyyy'), httpuritype.createUri('https://freeimage.host/i/HfnjCbe'), 'C007');
insert into Trainee values('823361200167', to_date('16/01/2000', 'dd/mm/yyyy'), httpuritype.createUri('https://freeimage.host/i/Hfnf5QV'), 'C007');
insert into Trainee values('899231200167', to_date('27/12/2001', 'dd/mm/yyyy'), httpuritype.createUri('https://freeimage.host/i/HfnjTqx'), 'C009');
insert into Trainee values('779360200178', to_date('07/11/1998', 'dd/mm/yyyy'), httpuritype.createUri('https://freeimage.host/i/HfnjAgV'), 'C006');
insert into Trainee values('899360208889', to_date('07/08/1999', 'dd/mm/yyyy'), httpuritype.createUri('https://freeimage.host/i/HfnqHMB'), 'C012');
insert into Trainee values('439360201189', to_date('28/04/2004', 'dd/mm/yyyy'), httpuritype.createUri('https://freeimage.host/i/Hfnj75P'), 'C016');
insert into Trainee values('895580201189', to_date('24/07/1999', 'dd/mm/yyyy'), httpuritype.createUri('https://freeimage.host/i/HfnjYe1'), 'C007');
insert into Trainee values('899398201389', to_date('02/07/2003', 'dd/mm/yyyy'), httpuritype.createUri('https://freeimage.host/i/HfnjamF'), 'C009');
insert into Trainee values('899323201499', to_date('18/05/1999', 'dd/mm/yyyy'), httpuritype.createUri('https://freeimage.host/i/Hfnfmwx'), 'C003');
insert into Trainee values('899380267599', to_date('28/02/2000', 'dd/mm/yyyy'), httpuritype.createUri('https://freeimage.host/i/Hfnjlzg'), 'C009');
insert into Trainee values('892381302599', to_date('08/07/1998', 'dd/mm/yyyy'), httpuritype.createUri('https://freeimage.host/i/HfnjM1R'), 'C014');
insert into Trainee values('890481303499', to_date('21/01/2000', 'dd/mm/yyyy'), httpuritype.createUri('https://freeimage.host/i/HfnfUuf'), null);
insert into Trainee values('890231302599', to_date('27/07/1997', 'dd/mm/yyyy'), httpuritype.createUri('https://freeimage.host/i/HfnjGqv'), null);
insert into Trainee values('320591302609', to_date('30/08/1998', 'dd/mm/yyyy'), httpuritype.createUri('https://freeimage.host/i/Hfnfkan'), null);
insert into Trainee values('890231303609', to_date('24/09/1997', 'dd/mm/yyyy'), httpuritype.createUri('https://freeimage.host/i/Hfnjh7I'), null);
-- 2021
insert into Trainee values('823591314609', to_date('23/04/2002', 'dd/mm/yyyy'), httpuritype.createUri('https://freeimage.host/i/Hfnjjet'), null);
insert into Trainee values('890232314609', to_date('27/08/1998', 'dd/mm/yyyy'), httpuritype.createUri('https://freeimage.host/i/HfnfUuf'), null);
insert into Trainee values('891602314099', to_date('23/01/1998', 'dd/mm/yyyy'), httpuritype.createUri('https://freeimage.host/i/HfnqHMB'), null);
insert into Trainee values('891602655609', to_date('22/03/2002', 'dd/mm/yyyy'), httpuritype.createUri('https://freeimage.host/i/HfnjOIn'), null);
insert into Trainee values('891603425239', to_date('07/06/2003', 'dd/mm/yyyy'), httpuritype.createUri('https://freeimage.host/i/HfnqqAJ'), null);
insert into Trainee values('891603536509', to_date('11/02/2000', 'dd/mm/yyyy'), httpuritype.createUri('https://freeimage.host/i/Hfnj8Bf'), 'C011');
insert into Trainee values('891603536549', to_date('09/12/1997', 'dd/mm/yyyy'), httpuritype.createUri('https://freeimage.host/i/HfnjS14'), 'C012');
insert into Trainee values('891644538909', to_date('24/07/1999', 'dd/mm/yyyy'), httpuritype.createUri('https://freeimage.host/i/Hfnf5QV'), 'C016');
insert into Trainee values('891603658909', to_date('16/10/2001', 'dd/mm/yyyy'), httpuritype.createUri('https://freeimage.host/i/Hfnj47S'), 'C013');
insert into Trainee values('891713648965', to_date('04/11/2003', 'dd/mm/yyyy'), httpuritype.createUri('https://freeimage.host/i/HfnjPp9'), 'C001');
insert into Trainee values('891873758909', to_date('17/11/2000', 'dd/mm/yyyy'), httpuritype.createUri('https://freeimage.host/i/HfnfRhQ'), 'C008');
insert into Trainee values('891723769909', to_date('17/08/1997', 'dd/mm/yyyy'), httpuritype.createUri('https://freeimage.host/i/Hfnf1Yg'), 'C004');
insert into Trainee values('895435769909', to_date('15/07/1997', 'dd/mm/yyyy'), httpuritype.createUri('https://freeimage.host/i/Hfnfgj4'), 'C009');
insert into Trainee values('832735765409', to_date('20/08/1997', 'dd/mm/yyyy'), httpuritype.createUri('https://freeimage.host/i/HfnjDEx'), 'C012');
insert into Trainee values('832235769709', to_date('28/06/1997', 'dd/mm/yyyy'), httpuritype.createUri('https://freeimage.host/i/Hfnfmwx'), 'C014');
insert into Trainee values('737835769709', to_date('11/04/2002', 'dd/mm/yyyy'), httpuritype.createUri('https://freeimage.host/i/HfnjtBj'), 'C016');
insert into Trainee values('732738769819', to_date('12/08/2002', 'dd/mm/yyyy'), httpuritype.createUri('https://freeimage.host/i/Hfnjp2V'), 'C020');
insert into Trainee values('732235769819', to_date('12/01/2002', 'dd/mm/yyyy'), httpuritype.createUri('https://freeimage.host/i/HfnqJ6P'), 'C006');
insert into Trainee values('732235769439', to_date('13/05/2001', 'dd/mm/yyyy'), httpuritype.createUri('https://freeimage.host/i/Hfnw9kP'), 'C009');
insert into Trainee values('835825769439', to_date('21/04/1998', 'dd/mm/yyyy'), httpuritype.createUri('https://freeimage.host/i/HfnwHp1'), 'C010');


-- MC
insert into MC values('723825769443');
insert into MC values('723825169529');
insert into MC values('723325769529');
insert into MC values('724325469529');
-- MENTOR
select * from PERSON;
-- Singer
insert into Mentor values('727625469529');
insert into Mentor values('727627669529');
insert into Mentor values('577627669529');
insert into Mentor values('577627669679');
-- Producer
insert into Mentor values('577692669679');
insert into Mentor values('577698869679');
-- Song writer
insert into Mentor values('577666869679');
insert into Mentor values('577667769679');
insert into Mentor values('577667787679');
insert into Mentor values('574467787679');



-- SONG
set constraint ALL deferred;
insert into Song values(insertSongNumber(), '1965', 'Like a Rolling Stone', '727625469529');
insert into Song values(insertSongNumber(), '1971', 'Imagine', '727625469529');
insert into Song values(insertSongNumber(), '1971', 'Whats Going On' , '727625469529');
insert into Song values(insertSongNumber(), '1967', 'Respect', '727625469529');
insert into Song values(insertSongNumber(), '1966', 'Good Vibrations', '727625469529');
insert into Song values(insertSongNumber(), '2014', 'Photograph', '727625469529');
insert into Song values(insertSongNumber(), '2010' ,'I need a Dollar' , '727625469529');
insert into Song values(insertSongNumber(), '2009', 'Imma Be', '727625469529');
insert into Song values(insertSongNumber(), '2010', 'Taling to the Moon', '727625469529');
insert into Song values(insertSongNumber(), '2009', 'Half of My Heart', '727625469529');
insert into Song values(insertSongNumber(), '2010', 'Baby', '727625469529');
insert into Song values(insertSongNumber(), '2012', 'California Gurls', '727627669529');
insert into Song values(insertSongNumber(), '2010', 'Teenage Dream', '727627669529');
insert into Song values(insertSongNumber(), '2011', 'Commander', '727627669529');
insert into Song values(insertSongNumber(), '2010', 'Your Love is My Drug', '727627669529');
insert into Song values(insertSongNumber(), '2010', 'Right Above It', '727627669529');
insert into Song values(insertSongNumber(), '2010', 'How Low', '727627669529');
insert into Song values(insertSongNumber(), '2010', 'Misery', '727627669529');
insert into Song values(insertSongNumber(), '2010', 'Blah blah blah', '727627669529');
insert into Song values(insertSongNumber(), '2017', 'This Aint a Love Song', '727627669529');
insert into Song values(insertSongNumber(), '2012', 'When I Was Your Man', '727627669529');
insert into Song values(insertSongNumber(), '2012', 'Treasure', '727627669529');
insert into Song values(insertSongNumber(), '2012', 'Sweet Nothing', '727627669529');
insert into Song values(insertSongNumber(), '2012', 'I Need Your Love', '577627669529');
insert into Song values(insertSongNumber(), '2012', 'Dringking from the Bottle', '577627669529');
insert into Song values(insertSongNumber(), '2013', 'Safe And Sound', '577627669529');
insert into Song values(insertSongNumber(), '2014', 'Fine China', '577627669529');
insert into Song values(insertSongNumber(), '2013', 'Whyd You Only Call Me When Youre High?', '577627669529');
insert into Song values(insertSongNumber(), '2013', 'Do I Wanna Know', '577627669529');
insert into Song values(insertSongNumber(), '2013', 'The Way', '577627669529');
insert into Song values(insertSongNumber(), '2013', 'Wake Me Up', '577627669529');
insert into Song values(insertSongNumber(), '2012', 'I Could Be The One', '577627669529');
insert into Song values(insertSongNumber(), '2013', 'Here s to Never Growing Up', '577627669529');
insert into Song values(insertSongNumber(), '2013', 'Mirrors', '577627669529');
insert into Song values(insertSongNumber(), '2013', 'Black Skinhead', '577627669679');
insert into Song values(insertSongNumber(), '2013', 'This is How We Do', '577627669679');
insert into Song values(insertSongNumber(), '2013', 'All I Want', '577627669679');
insert into Song values(insertSongNumber(), '2013', 'High Hopes', '577627669679');
insert into Song values(insertSongNumber(), '2013', 'Summertime Sadness', '577627669679');
insert into Song values(insertSongNumber(), '2013', 'Love Me', '577627669679');
insert into Song values(insertSongNumber(), '2014', 'Anaconda', '577627669679');
insert into Song values(insertSongNumber(), '2015', 'Jealous', '577627669679');
insert into Song values(insertSongNumber(), '2014', 'Coco', '577627669679');
insert into Song values(insertSongNumber(), '2014', 'Gecko', '577627669679');
insert into Song values(insertSongNumber(), '2014', 'Wraped Up', '577627669679');
insert into Song values(insertSongNumber(), '2014', 'Night Changes', '577627669679');
insert into Song values(insertSongNumber(), '2014', 'Steal My Girl', '577627669679');
insert into Song values(insertSongNumber(), '2012', 'Payphone', '577627669679');
insert into Song values(insertSongNumber(), '2015', 'Sugar', '577627669679');
insert into Song values(insertSongNumber(), '2015', 'See You Again', '577627669679');
insert into Song values(insertSongNumber(), '2011', 'What Makes You Beautiful', '577627669679');
insert into Song values(insertSongNumber(), '2017', 'Perfect', '577627669679');

-- InvitedGuest
insert into InvitedGuest values(GUEST_IDX_SEQ.nextval);
insert into InvitedGuest values(GUEST_IDX_SEQ.nextval);
insert into InvitedGuest values(GUEST_IDX_SEQ.nextval);
insert into InvitedGuest values(GUEST_IDX_SEQ.nextval);
insert into InvitedGuest values(GUEST_IDX_SEQ.nextval);
insert into InvitedGuest values(GUEST_IDX_SEQ.nextval);
insert into InvitedGuest values(GUEST_IDX_SEQ.nextval);
insert into InvitedGuest values(GUEST_IDX_SEQ.nextval);
insert into InvitedGuest values(GUEST_IDX_SEQ.nextval);
insert into InvitedGuest values(GUEST_IDX_SEQ.nextval);

-- Singer
insert into Singer values('727625469529', 9);
insert into Singer values('727627669529', 8);
insert into Singer values('577627669529', 4);
insert into Singer values('577627669679', 1);
commit;
-- Theme Song
insert into ThemeSong values('S1');
insert into ThemeSong values('S8');
insert into ThemeSong values('S14');
insert into ThemeSong values('S23');
-- Season
insert into Season values(2018, 'Germany', 'S1', '723825769443');
insert into Season values(2019, 'Spain', 'S8', '723825169529');
insert into Season values(2020, 'England', 'S14', '723325769529');
insert into Season values(2021, 'United States', 'S23', '724325469529');


-- SingerSignatureSong
insert into SingerSignatureSong values('727625469529', 'See You Again');
insert into SingerSignatureSong values('727625469529', 'Jealous');
insert into SingerSignatureSong values('727625469529', 'Love Me');
insert into SingerSignatureSong values('727627669529', 'All I Want');
insert into SingerSignatureSong values('727627669529', 'I Could Be The One');
insert into SingerSignatureSong values('577627669529', 'Payphone');
insert into SingerSignatureSong values('577627669529', 'Sugar');
insert into SingerSignatureSong values('577627669529', 'Steal My Girl');
insert into SingerSignatureSong values('577627669679', 'What Makes You Beautiful');
insert into SingerSignatureSong values('577627669679', 'Photograph');
insert into SingerSignatureSong values('577627669679', 'Perfect');

-- Producer
insert into Producer values('577692669679');
insert into Producer values('577698869679');


-- ProducerProgram
insert into ProducerProgram values('577692669679', 'Talent show');
insert into ProducerProgram values('577692669679', 'The Voice');
insert into ProducerProgram values('577692669679', 'Amazing Race');
insert into ProducerProgram values('577692669679', 'Ninja Warrior');
insert into ProducerProgram values('577698869679', 'British s talent');
insert into ProducerProgram values('577698869679', 'America s talent');
insert into ProducerProgram values('577698869679', 'Dance Contest');
insert into ProducerProgram values('577698869679', 'Rap Contest');

-- SongWriter
insert into SongWriter values ('577666869679');
insert into SongWriter values ('577667769679');
insert into SongWriter values ('577667787679');
insert into SongWriter values ('574467787679');



-- SeasonMentor
SET constraint all deferred;
insert into SeasonMentor values(2018, '727625469529');
insert into SeasonMentor values(2018, '727627669529');
insert into SeasonMentor values(2018, '577692669679');
insert into SeasonMentor values(2018, '577666869679');
-- 2019
insert into SeasonMentor values(2019, '577627669529');
insert into SeasonMentor values(2019, '577667787679');
insert into SeasonMentor values(2019, '577698869679');
insert into SeasonMentor values(2019, '727627669529');
-- 2020
insert into SeasonMentor values(2020, '577627669529');
insert into SeasonMentor values(2020, '577627669679');
insert into SeasonMentor values(2020, '577692669679');
insert into SeasonMentor values(2020, '577667787679');
-- 2021
insert into SeasonMentor values(2021, '577667787679');
insert into SeasonMentor values(2021, '574467787679');
insert into SeasonMentor values(2021, '577698869679');
insert into SeasonMentor values(2021, '577627669679');


-- SeasonTrainee
insert into SeasonTrainee values(2018, '629084856384');
insert into SeasonTrainee values(2018, '232456404174');
insert into SeasonTrainee values(2018, '588367200110');
insert into SeasonTrainee values(2018, '588363130110');
insert into SeasonTrainee values(2018, '588363400120');
insert into SeasonTrainee values(2018, '588363400167');
insert into SeasonTrainee values(2018, '588361200167');
insert into SeasonTrainee values(2018, '128361200167');
insert into SeasonTrainee values(2018, '238361200167');
insert into SeasonTrainee values(2018, '348361200167');
insert into SeasonTrainee values(2018, '458361200167');
insert into SeasonTrainee values(2018, '568361200167');
insert into SeasonTrainee values(2018, '568361204367');
insert into SeasonTrainee values(2018, '678361200167');
insert into SeasonTrainee values(2018, '788361200167');
insert into SeasonTrainee values(2018, '898361200167');
insert into SeasonTrainee values(2018, '899361200167');
insert into SeasonTrainee values(2018, '899360200178');
insert into SeasonTrainee values(2018, '899360200189');
insert into SeasonTrainee values(2018, '899360201189');
insert into SeasonTrainee values(2018, '899380201189');
insert into SeasonTrainee values(2018, '899380201389');
insert into SeasonTrainee values(2018, '899380201499');
insert into SeasonTrainee values(2018, '899380202599');
insert into SeasonTrainee values(2018, '899381302599');
insert into SeasonTrainee values(2018, '890481302599');
insert into SeasonTrainee values(2018, '890591302599');
insert into SeasonTrainee values(2018, '890591302609');
insert into SeasonTrainee values(2018, '890591303609');
insert into SeasonTrainee values(2018, '890591314609');
insert into SeasonTrainee values(2018, '890502314609');
insert into SeasonTrainee values(2018, '891602314609');
insert into SeasonTrainee values(2018, '891602325609');
insert into SeasonTrainee values(2018, '891603425609');
insert into SeasonTrainee values(2018, '891603535609');
insert into SeasonTrainee values(2018, '891603536709');
insert into SeasonTrainee values(2018, '891603538909');
insert into SeasonTrainee values(2018, '891603648909');
insert into SeasonTrainee values(2018, '891713648909');
insert into SeasonTrainee values(2018, '891713758909');
-- 2019
insert into SeasonTrainee values(2019, '891713769909');
insert into SeasonTrainee values(2019, '891735769909');
insert into SeasonTrainee values(2019, '832735769909');
insert into SeasonTrainee values(2019, '832735769709');
insert into SeasonTrainee values(2019, '732735769709');
insert into SeasonTrainee values(2019, '732735769819');
insert into SeasonTrainee values(2019, '732825769819');
insert into SeasonTrainee values(2019, '732825769439');
insert into SeasonTrainee values(2019, '775825769439');
insert into SeasonTrainee values(2019, '723825769439');
insert into SeasonTrainee values(2019, '723825769529');
insert into SeasonTrainee values(2019, '724325769529');
insert into SeasonTrainee values(2019, '724325769523');
insert into SeasonTrainee values(2019, '588367206510');
insert into SeasonTrainee values(2019, '585463130110');
insert into SeasonTrainee values(2019, '588363400230');
insert into SeasonTrainee values(2019, '582363400167');
insert into SeasonTrainee values(2019, '232361200167');
insert into SeasonTrainee values(2019, '128361209867');
insert into SeasonTrainee values(2019, '238361299167');
insert into SeasonTrainee values(2019, '899380201189');
insert into SeasonTrainee values(2019, '899380201389');
insert into SeasonTrainee values(2019, '899380201499');
insert into SeasonTrainee values(2019, '899380202599');
insert into SeasonTrainee values(2019, '899381302599');
insert into SeasonTrainee values(2019, '890481302599');
insert into SeasonTrainee values(2019, '890591302599');
insert into SeasonTrainee values(2019, '890591302609');
insert into SeasonTrainee values(2019, '890591303609');
insert into SeasonTrainee values(2019, '890591314609');
insert into SeasonTrainee values(2019, '890502314609');
insert into SeasonTrainee values(2019, '891602314609');
insert into SeasonTrainee values(2019, '891602325609');
insert into SeasonTrainee values(2019, '891603425609');
insert into SeasonTrainee values(2019, '891603535609');
insert into SeasonTrainee values(2019, '891603536709');
insert into SeasonTrainee values(2019, '891603538909');
insert into SeasonTrainee values(2019, '891603648909');
insert into SeasonTrainee values(2019, '891713648909');
insert into SeasonTrainee values(2019, '891713758909');
-- 2020
insert into SeasonTrainee values(2020, '348771200167');
insert into SeasonTrainee values(2020, '458661200167');
insert into SeasonTrainee values(2020, '568361206567');
insert into SeasonTrainee values(2020, '568361212167');
insert into SeasonTrainee values(2020, '678361298167');
insert into SeasonTrainee values(2020, '788361980167');
insert into SeasonTrainee values(2020, '823361200167');
insert into SeasonTrainee values(2020, '899231200167');
insert into SeasonTrainee values(2020, '779360200178');
insert into SeasonTrainee values(2020, '899360208889');
insert into SeasonTrainee values(2020, '439360201189');
insert into SeasonTrainee values(2020, '895580201189');
insert into SeasonTrainee values(2020, '899398201389');
insert into SeasonTrainee values(2020, '899323201499');
insert into SeasonTrainee values(2020, '899380267599');
insert into SeasonTrainee values(2020, '892381302599');
insert into SeasonTrainee values(2020, '890481303499');
insert into SeasonTrainee values(2020, '890231302599');
insert into SeasonTrainee values(2020, '320591302609');
insert into SeasonTrainee values(2020, '890231303609');
insert into SeasonTrainee values(2020, '891713769909');
insert into SeasonTrainee values(2020, '891735769909');
insert into SeasonTrainee values(2020, '832735769909');
insert into SeasonTrainee values(2020, '832735769709');
insert into SeasonTrainee values(2020, '732735769709');
insert into SeasonTrainee values(2020, '732735769819');
insert into SeasonTrainee values(2020, '732825769819');
insert into SeasonTrainee values(2020, '732825769439');
insert into SeasonTrainee values(2020, '775825769439');
insert into SeasonTrainee values(2020, '723825769439');
insert into SeasonTrainee values(2020, '890502314609');
insert into SeasonTrainee values(2020, '891602314609');
insert into SeasonTrainee values(2020, '891602325609');
insert into SeasonTrainee values(2020, '891603425609');
insert into SeasonTrainee values(2020, '891603535609');
insert into SeasonTrainee values(2020, '891603536709');
insert into SeasonTrainee values(2020, '891603538909');
insert into SeasonTrainee values(2020, '891603648909');
insert into SeasonTrainee values(2020, '891713648909');
insert into SeasonTrainee values(2020, '891713758909');
-- 2021
insert into SeasonTrainee values(2021, '823591314609');
insert into SeasonTrainee values(2021, '890232314609');
insert into SeasonTrainee values(2021, '891602314099');
insert into SeasonTrainee values(2021, '891602655609');
insert into SeasonTrainee values(2021, '891603425239');
insert into SeasonTrainee values(2021, '891603536509');
insert into SeasonTrainee values(2021, '891603536549');
insert into SeasonTrainee values(2021, '891644538909');
insert into SeasonTrainee values(2021, '891603658909');
insert into SeasonTrainee values(2021, '891713648965');
insert into SeasonTrainee values(2021, '891873758909');
insert into SeasonTrainee values(2021, '891723769909');
insert into SeasonTrainee values(2021, '895435769909');
insert into SeasonTrainee values(2021, '832735765409');
insert into SeasonTrainee values(2021, '832235769709');
insert into SeasonTrainee values(2021, '737835769709');
insert into SeasonTrainee values(2021, '732738769819');
insert into SeasonTrainee values(2021, '732235769819');
insert into SeasonTrainee values(2021, '732235769439');
insert into SeasonTrainee values(2021, '835825769439');
insert into SeasonTrainee values(2021, '439360201189');
insert into SeasonTrainee values(2021, '895580201189');
insert into SeasonTrainee values(2021, '899398201389');
insert into SeasonTrainee values(2021, '899323201499');
insert into SeasonTrainee values(2021, '899380267599');
insert into SeasonTrainee values(2021, '892381302599');
insert into SeasonTrainee values(2021, '890481303499');
insert into SeasonTrainee values(2021, '890231302599');
insert into SeasonTrainee values(2021, '320591302609');
insert into SeasonTrainee values(2021, '890231303609');
insert into SeasonTrainee values(2021, '629084856384');
insert into SeasonTrainee values(2021, '232456404174');
insert into SeasonTrainee values(2021, '588367200110');
insert into SeasonTrainee values(2021, '588363130110');
insert into SeasonTrainee values(2021, '588363400120');
insert into SeasonTrainee values(2021, '891713769909');
insert into SeasonTrainee values(2021, '891735769909');
insert into SeasonTrainee values(2021, '832735769909');
insert into SeasonTrainee values(2021, '832735769709');
insert into SeasonTrainee values(2021, '732735769709');

-- MentorValuateTrainee
insert into MENTOREVALUATETRAINEE values(2018, '629084856384', '727625469529', 95);
insert into MENTOREVALUATETRAINEE values(2018, '629084856384', '727627669529', 90);
insert into MENTOREVALUATETRAINEE values(2018, '629084856384', '577692669679', 98);
insert into MENTOREVALUATETRAINEE values(2018, '629084856384', '577666869679', 99);

insert into MENTOREVALUATETRAINEE values(2018, '232456404174', '727625469529', 92);
insert into MENTOREVALUATETRAINEE values(2018, '232456404174', '727627669529', 91);
insert into MENTOREVALUATETRAINEE values(2018, '232456404174', '577692669679', 94);
insert into MENTOREVALUATETRAINEE values(2018, '232456404174', '577666869679', 96);

insert into MENTOREVALUATETRAINEE values(2018, '588367200110', '727625469529', 89);
insert into MENTOREVALUATETRAINEE values(2018, '588367200110', '727627669529', 97);
insert into MENTOREVALUATETRAINEE values(2018, '588367200110', '577692669679', 90);
insert into MENTOREVALUATETRAINEE values(2018, '588367200110', '577666869679', 93);

insert into MENTOREVALUATETRAINEE values(2018, '588363130110', '727625469529', 99);
insert into MENTOREVALUATETRAINEE values(2018, '588363130110', '727627669529', 88);
insert into MENTOREVALUATETRAINEE values(2018, '588363130110', '577692669679', 85);
insert into MENTOREVALUATETRAINEE values(2018, '588363130110', '577666869679', 90);

insert into MENTOREVALUATETRAINEE values(2018, '588363400120', '727625469529', 100);
insert into MENTOREVALUATETRAINEE values(2018, '588363400120', '727627669529', 95);
insert into MENTOREVALUATETRAINEE values(2018, '588363400120', '577692669679', 98);
insert into MENTOREVALUATETRAINEE values(2018, '588363400120', '577666869679', 99);

insert into MENTOREVALUATETRAINEE values(2018, '588363400167', '727625469529', 97);
insert into MENTOREVALUATETRAINEE values(2018, '588363400167', '727627669529', 92);
insert into MENTOREVALUATETRAINEE values(2018, '588363400167', '577692669679', 90);
insert into MENTOREVALUATETRAINEE values(2018, '588363400167', '577666869679', 95);

insert into MENTOREVALUATETRAINEE values(2018, '588361200167', '727625469529', 84);
insert into MENTOREVALUATETRAINEE values(2018, '588361200167', '727627669529', 90);
insert into MENTOREVALUATETRAINEE values(2018, '588361200167', '577692669679', 85);
insert into MENTOREVALUATETRAINEE values(2018, '588361200167', '577666869679', 88);

insert into MENTOREVALUATETRAINEE values(2018, '128361200167', '727625469529', 82);
insert into MENTOREVALUATETRAINEE values(2018, '128361200167', '727627669529', 92);
insert into MENTOREVALUATETRAINEE values(2018, '128361200167', '577692669679', 86);
insert into MENTOREVALUATETRAINEE values(2018, '128361200167', '577666869679', 89);

insert into MENTOREVALUATETRAINEE values(2018, '238361200167', '727625469529', 87);
insert into MENTOREVALUATETRAINEE values(2018, '238361200167', '727627669529', 91);
insert into MENTOREVALUATETRAINEE values(2018, '238361200167', '577692669679', 90);
insert into MENTOREVALUATETRAINEE values(2018, '238361200167', '577666869679', 88);

insert into MENTOREVALUATETRAINEE values(2018, '348361200167', '727625469529', 100);
insert into MENTOREVALUATETRAINEE values(2018, '348361200167', '727627669529', 92);
insert into MENTOREVALUATETRAINEE values(2018, '348361200167', '577692669679', 94);
insert into MENTOREVALUATETRAINEE values(2018, '348361200167', '577666869679', 95);

insert into MENTOREVALUATETRAINEE values(2018, '458361200167', '727625469529', 95);
insert into MENTOREVALUATETRAINEE values(2018, '458361200167', '727627669529', 90);
insert into MENTOREVALUATETRAINEE values(2018, '458361200167', '577692669679', 86);
insert into MENTOREVALUATETRAINEE values(2018, '458361200167', '577666869679', 88);

insert into MENTOREVALUATETRAINEE values(2018, '568361200167', '727625469529', 95);
insert into MENTOREVALUATETRAINEE values(2018, '568361200167', '727627669529', 90);
insert into MENTOREVALUATETRAINEE values(2018, '568361200167', '577692669679', 91);
insert into MENTOREVALUATETRAINEE values(2018, '568361200167', '577666869679', 89);

insert into MENTOREVALUATETRAINEE values(2018, '568361204367', '727625469529', 83);
insert into MENTOREVALUATETRAINEE values(2018, '568361204367', '727627669529', 81);
insert into MENTOREVALUATETRAINEE values(2018, '568361204367', '577692669679', 90);
insert into MENTOREVALUATETRAINEE values(2018, '568361204367', '577666869679', 89);

insert into MENTOREVALUATETRAINEE values(2018, '678361200167', '727625469529', 89);
insert into MENTOREVALUATETRAINEE values(2018, '678361200167', '727627669529', 99);
insert into MENTOREVALUATETRAINEE values(2018, '678361200167', '577692669679', 82);
insert into MENTOREVALUATETRAINEE values(2018, '678361200167', '577666869679', 90);

insert into MENTOREVALUATETRAINEE values(2018, '788361200167', '727625469529', 81);
insert into MENTOREVALUATETRAINEE values(2018, '788361200167', '727627669529', 90);
insert into MENTOREVALUATETRAINEE values(2018, '788361200167', '577692669679', 94);
insert into MENTOREVALUATETRAINEE values(2018, '788361200167', '577666869679', 89);

insert into MENTOREVALUATETRAINEE values(2018, '898361200167', '727625469529', 88);
insert into MENTOREVALUATETRAINEE values(2018, '898361200167', '727627669529', 95);
insert into MENTOREVALUATETRAINEE values(2018, '898361200167', '577692669679', 94);
insert into MENTOREVALUATETRAINEE values(2018, '898361200167', '577666869679', 90);

insert into MENTOREVALUATETRAINEE values(2018, '899361200167', '727625469529', 92);
insert into MENTOREVALUATETRAINEE values(2018, '899361200167', '727627669529', 91);
insert into MENTOREVALUATETRAINEE values(2018, '899361200167', '577692669679', 95);
insert into MENTOREVALUATETRAINEE values(2018, '899361200167', '577666869679', 89);

insert into MENTOREVALUATETRAINEE values(2018, '899360200178', '727625469529', 83);
insert into MENTOREVALUATETRAINEE values(2018, '899360200178', '727627669529', 88);
insert into MENTOREVALUATETRAINEE values(2018, '899360200178', '577692669679', 89);
insert into MENTOREVALUATETRAINEE values(2018, '899360200178', '577666869679', 91);

insert into MENTOREVALUATETRAINEE values(2018, '899360200189', '727625469529', 90);
insert into MENTOREVALUATETRAINEE values(2018, '899360200189', '727627669529', 92);
insert into MENTOREVALUATETRAINEE values(2018, '899360200189', '577692669679', 93);
insert into MENTOREVALUATETRAINEE values(2018, '899360200189', '577666869679', 99);

insert into MENTOREVALUATETRAINEE values(2018, '899360201189', '727625469529', 84);
insert into MENTOREVALUATETRAINEE values(2018, '899360201189', '727627669529', 85);
insert into MENTOREVALUATETRAINEE values(2018, '899360201189', '577692669679', 90);
insert into MENTOREVALUATETRAINEE values(2018, '899360201189', '577666869679', 82);

insert into MENTOREVALUATETRAINEE values(2018, '899380201189', '727625469529', 67);
insert into MENTOREVALUATETRAINEE values(2018, '899380201189', '727627669529', 70);
insert into MENTOREVALUATETRAINEE values(2018, '899380201189', '577692669679', 69);
insert into MENTOREVALUATETRAINEE values(2018, '899380201189', '577666869679', 65);

insert into MENTOREVALUATETRAINEE values(2018, '899380201389', '727625469529', 60);
insert into MENTOREVALUATETRAINEE values(2018, '899380201389', '727627669529', 65);
insert into MENTOREVALUATETRAINEE values(2018, '899380201389', '577692669679', 69);
insert into MENTOREVALUATETRAINEE values(2018, '899380201389', '577666869679', 70);

insert into MENTOREVALUATETRAINEE values(2018, '899380201499', '727625469529', 50);
insert into MENTOREVALUATETRAINEE values(2018, '899380201499', '727627669529', 41);
insert into MENTOREVALUATETRAINEE values(2018, '899380201499', '577692669679', 42);
insert into MENTOREVALUATETRAINEE values(2018, '899380201499', '577666869679', 45);

insert into MENTOREVALUATETRAINEE values(2018, '899380202599', '727625469529', 34);
insert into MENTOREVALUATETRAINEE values(2018, '899380202599', '727627669529', 40);
insert into MENTOREVALUATETRAINEE values(2018, '899380202599', '577692669679', 45);
insert into MENTOREVALUATETRAINEE values(2018, '899380202599', '577666869679', 38);

insert into MENTOREVALUATETRAINEE values(2018, '899381302599', '727625469529', 45);
insert into MENTOREVALUATETRAINEE values(2018, '899381302599', '727627669529', 40);
insert into MENTOREVALUATETRAINEE values(2018, '899381302599', '577692669679', 39);
insert into MENTOREVALUATETRAINEE values(2018, '899381302599', '577666869679', 43);

insert into MENTOREVALUATETRAINEE values(2018, '890481302599', '727625469529', 36);
insert into MENTOREVALUATETRAINEE values(2018, '890481302599', '727627669529', 33);
insert into MENTOREVALUATETRAINEE values(2018, '890481302599', '577692669679', 34);
insert into MENTOREVALUATETRAINEE values(2018, '890481302599', '577666869679', 40);

insert into MENTOREVALUATETRAINEE values(2018, '890591302599', '727625469529', 27);
insert into MENTOREVALUATETRAINEE values(2018, '890591302599', '727627669529', 30);
insert into MENTOREVALUATETRAINEE values(2018, '890591302599', '577692669679', 29);
insert into MENTOREVALUATETRAINEE values(2018, '890591302599', '577666869679', 25);

insert into MENTOREVALUATETRAINEE values(2018, '890591302609', '727625469529', 38);
insert into MENTOREVALUATETRAINEE values(2018, '890591302609', '727627669529', 30);
insert into MENTOREVALUATETRAINEE values(2018, '890591302609', '577692669679', 35);
insert into MENTOREVALUATETRAINEE values(2018, '890591302609', '577666869679', 31);

insert into MENTOREVALUATETRAINEE values(2018, '890591303609', '727625469529', 59);
insert into MENTOREVALUATETRAINEE values(2018, '890591303609', '727627669529', 65);
insert into MENTOREVALUATETRAINEE values(2018, '890591303609', '577692669679', 66);
insert into MENTOREVALUATETRAINEE values(2018, '890591303609', '577666869679', 69);

insert into MENTOREVALUATETRAINEE values(2018, '890591314609', '727625469529', 70);
insert into MENTOREVALUATETRAINEE values(2018, '890591314609', '727627669529', 79);
insert into MENTOREVALUATETRAINEE values(2018, '890591314609', '577692669679', 76);
insert into MENTOREVALUATETRAINEE values(2018, '890591314609', '577666869679', 78);

insert into MENTOREVALUATETRAINEE values(2018, '890502314609', '727625469529', 81);
insert into MENTOREVALUATETRAINEE values(2018, '890502314609', '727627669529', 84);
insert into MENTOREVALUATETRAINEE values(2018, '890502314609', '577692669679', 85);
insert into MENTOREVALUATETRAINEE values(2018, '890502314609', '577666869679', 89);

insert into MENTOREVALUATETRAINEE values(2018, '891602314609', '727625469529', 82);
insert into MENTOREVALUATETRAINEE values(2018, '891602314609', '727627669529', 80);
insert into MENTOREVALUATETRAINEE values(2018, '891602314609', '577692669679', 88);
insert into MENTOREVALUATETRAINEE values(2018, '891602314609', '577666869679', 87);

insert into MENTOREVALUATETRAINEE values(2018, '891602325609', '727625469529', 83);
insert into MENTOREVALUATETRAINEE values(2018, '891602325609', '727627669529', 79);
insert into MENTOREVALUATETRAINEE values(2018, '891602325609', '577692669679', 82);
insert into MENTOREVALUATETRAINEE values(2018, '891602325609', '577666869679', 80);

insert into MENTOREVALUATETRAINEE values(2018, '891603425609', '727625469529', 84);
insert into MENTOREVALUATETRAINEE values(2018, '891603425609', '727627669529', 80);
insert into MENTOREVALUATETRAINEE values(2018, '891603425609', '577692669679', 81);
insert into MENTOREVALUATETRAINEE values(2018, '891603425609', '577666869679', 82);

insert into MENTOREVALUATETRAINEE values(2018, '891603535609', '727625469529', 85);
insert into MENTOREVALUATETRAINEE values(2018, '891603535609', '727627669529', 81);
insert into MENTOREVALUATETRAINEE values(2018, '891603535609', '577692669679', 80);
insert into MENTOREVALUATETRAINEE values(2018, '891603535609', '577666869679', 85);

insert into MENTOREVALUATETRAINEE values(2018, '891603536709', '727625469529', 86);
insert into MENTOREVALUATETRAINEE values(2018, '891603536709', '727627669529', 80);
insert into MENTOREVALUATETRAINEE values(2018, '891603536709', '577692669679', 85);
insert into MENTOREVALUATETRAINEE values(2018, '891603536709', '577666869679', 89);

insert into MENTOREVALUATETRAINEE values(2018, '891603538909', '727625469529', 87);
insert into MENTOREVALUATETRAINEE values(2018, '891603538909', '727627669529', 83);
insert into MENTOREVALUATETRAINEE values(2018, '891603538909', '577692669679', 89);
insert into MENTOREVALUATETRAINEE values(2018, '891603538909', '577666869679', 89);

insert into MENTOREVALUATETRAINEE values(2018, '891603648909', '727625469529', 88);
insert into MENTOREVALUATETRAINEE values(2018, '891603648909', '727627669529', 81);
insert into MENTOREVALUATETRAINEE values(2018, '891603648909', '577692669679', 80);
insert into MENTOREVALUATETRAINEE values(2018, '891603648909', '577666869679', 88);

insert into MENTOREVALUATETRAINEE values(2018, '891713648909', '727625469529', 89);
insert into MENTOREVALUATETRAINEE values(2018, '891713648909', '727627669529', 85);
insert into MENTOREVALUATETRAINEE values(2018, '891713648909', '577692669679', 80);
insert into MENTOREVALUATETRAINEE values(2018, '891713648909', '577666869679', 83);

insert into MENTOREVALUATETRAINEE values(2018, '891713758909', '727625469529', 90);
insert into MENTOREVALUATETRAINEE values(2018, '891713758909', '727627669529', 81);
insert into MENTOREVALUATETRAINEE values(2018, '891713758909', '577692669679', 85);
insert into MENTOREVALUATETRAINEE values(2018, '891713758909', '577666869679', 84);
-- 2019
insert into MENTOREVALUATETRAINEE values(2019, '891713769909', '577627669529', 51);
insert into MENTOREVALUATETRAINEE values(2019, '891713769909', '577667787679', 62);
insert into MENTOREVALUATETRAINEE values(2019, '891713769909', '577698869679', 63);
insert into MENTOREVALUATETRAINEE values(2019, '891713769909', '727627669529', 54);

insert into MENTOREVALUATETRAINEE values(2019, '891735769909', '577627669529', 42);
insert into MENTOREVALUATETRAINEE values(2019, '891735769909', '577667787679', 50);
insert into MENTOREVALUATETRAINEE values(2019, '891735769909', '577698869679', 55);
insert into MENTOREVALUATETRAINEE values(2019, '891735769909', '727627669529', 53);

insert into MENTOREVALUATETRAINEE values(2019, '832735769909', '577627669529', 53);
insert into MENTOREVALUATETRAINEE values(2019, '832735769909', '577667787679', 51);
insert into MENTOREVALUATETRAINEE values(2019, '832735769909', '577698869679', 60);
insert into MENTOREVALUATETRAINEE values(2019, '832735769909', '727627669529', 58);

insert into MENTOREVALUATETRAINEE values(2019, '832735769709', '577627669529', 54);
insert into MENTOREVALUATETRAINEE values(2019, '832735769709', '577667787679', 59);
insert into MENTOREVALUATETRAINEE values(2019, '832735769709', '577698869679', 50);
insert into MENTOREVALUATETRAINEE values(2019, '832735769709', '727627669529', 58);

insert into MENTOREVALUATETRAINEE values(2019, '732735769709', '577627669529', 65);
insert into MENTOREVALUATETRAINEE values(2019, '732735769709', '577667787679', 62);
insert into MENTOREVALUATETRAINEE values(2019, '732735769709', '577698869679', 54);
insert into MENTOREVALUATETRAINEE values(2019, '732735769709', '727627669529', 55);

insert into MENTOREVALUATETRAINEE values(2019, '732735769819', '577627669529', 56);
insert into MENTOREVALUATETRAINEE values(2019, '732735769819', '577667787679', 57);
insert into MENTOREVALUATETRAINEE values(2019, '732735769819', '577698869679', 60);
insert into MENTOREVALUATETRAINEE values(2019, '732735769819', '727627669529', 55);

insert into MENTOREVALUATETRAINEE values(2019, '732825769819', '577627669529', 47);
insert into MENTOREVALUATETRAINEE values(2019, '732825769819', '577667787679', 50);
insert into MENTOREVALUATETRAINEE values(2019, '732825769819', '577698869679', 45);
insert into MENTOREVALUATETRAINEE values(2019, '732825769819', '727627669529', 41);

insert into MENTOREVALUATETRAINEE values(2019, '732825769439', '577627669529', 48);
insert into MENTOREVALUATETRAINEE values(2019, '732825769439', '577667787679', 54);
insert into MENTOREVALUATETRAINEE values(2019, '732825769439', '577698869679', 59);
insert into MENTOREVALUATETRAINEE values(2019, '732825769439', '727627669529', 60);

insert into MENTOREVALUATETRAINEE values(2019, '775825769439', '577627669529', 69);
insert into MENTOREVALUATETRAINEE values(2019, '775825769439', '577667787679', 66);
insert into MENTOREVALUATETRAINEE values(2019, '775825769439', '577698869679', 65);
insert into MENTOREVALUATETRAINEE values(2019, '775825769439', '727627669529', 62);

insert into MENTOREVALUATETRAINEE values(2019, '723825769439', '577627669529', 70);
insert into MENTOREVALUATETRAINEE values(2019, '723825769439', '577667787679', 65);
insert into MENTOREVALUATETRAINEE values(2019, '723825769439', '577698869679', 64);
insert into MENTOREVALUATETRAINEE values(2019, '723825769439', '727627669529', 66);

insert into MENTOREVALUATETRAINEE values(2019, '723825769529', '577627669529', 91);
insert into MENTOREVALUATETRAINEE values(2019, '723825769529', '577667787679', 90);
insert into MENTOREVALUATETRAINEE values(2019, '723825769529', '577698869679', 89);
insert into MENTOREVALUATETRAINEE values(2019, '723825769529', '727627669529', 88);

insert into MENTOREVALUATETRAINEE values(2019, '724325769529', '577627669529', 82);
insert into MENTOREVALUATETRAINEE values(2019, '724325769529', '577667787679', 85);
insert into MENTOREVALUATETRAINEE values(2019, '724325769529', '577698869679', 84);
insert into MENTOREVALUATETRAINEE values(2019, '724325769529', '727627669529', 86);

insert into MENTOREVALUATETRAINEE values(2019, '724325769523', '577627669529', 83);
insert into MENTOREVALUATETRAINEE values(2019, '724325769523', '577667787679', 86);
insert into MENTOREVALUATETRAINEE values(2019, '724325769523', '577698869679', 90);
insert into MENTOREVALUATETRAINEE values(2019, '724325769523', '727627669529', 87);

insert into MENTOREVALUATETRAINEE values(2019, '588367206510', '577627669529', 94);
insert into MENTOREVALUATETRAINEE values(2019, '588367206510', '577667787679', 91);
insert into MENTOREVALUATETRAINEE values(2019, '588367206510', '577698869679', 90);
insert into MENTOREVALUATETRAINEE values(2019, '588367206510', '727627669529', 93);

insert into MENTOREVALUATETRAINEE values(2019, '585463130110', '577627669529', 85);
insert into MENTOREVALUATETRAINEE values(2019, '585463130110', '577667787679', 90);
insert into MENTOREVALUATETRAINEE values(2019, '585463130110', '577698869679', 89);
insert into MENTOREVALUATETRAINEE values(2019, '585463130110', '727627669529', 86);

insert into MENTOREVALUATETRAINEE values(2019, '588363400230', '577627669529', 96);
insert into MENTOREVALUATETRAINEE values(2019, '588363400230', '577667787679', 94);
insert into MENTOREVALUATETRAINEE values(2019, '588363400230', '577698869679', 98);
insert into MENTOREVALUATETRAINEE values(2019, '588363400230', '727627669529', 90);

insert into MENTOREVALUATETRAINEE values(2019, '582363400167', '577627669529', 87);
insert into MENTOREVALUATETRAINEE values(2019, '582363400167', '577667787679', 90);
insert into MENTOREVALUATETRAINEE values(2019, '582363400167', '577698869679', 93);
insert into MENTOREVALUATETRAINEE values(2019, '582363400167', '727627669529', 82);

insert into MENTOREVALUATETRAINEE values(2019, '232361200167', '577627669529', 98);
insert into MENTOREVALUATETRAINEE values(2019, '232361200167', '577667787679', 99);
insert into MENTOREVALUATETRAINEE values(2019, '232361200167', '577698869679', 93);
insert into MENTOREVALUATETRAINEE values(2019, '232361200167', '727627669529', 95);

insert into MENTOREVALUATETRAINEE values(2019, '128361209867', '577627669529', 89);
insert into MENTOREVALUATETRAINEE values(2019, '128361209867', '577667787679', 90);
insert into MENTOREVALUATETRAINEE values(2019, '128361209867', '577698869679', 92);
insert into MENTOREVALUATETRAINEE values(2019, '128361209867', '727627669529', 94);

insert into MENTOREVALUATETRAINEE values(2019, '238361299167', '577627669529', 100);
insert into MENTOREVALUATETRAINEE values(2019, '238361299167', '577667787679', 96);
insert into MENTOREVALUATETRAINEE values(2019, '238361299167', '577698869679', 99);
insert into MENTOREVALUATETRAINEE values(2019, '238361299167', '727627669529', 98);

insert into MENTOREVALUATETRAINEE values(2019, '899380201189', '577627669529', 81);
insert into MENTOREVALUATETRAINEE values(2019, '899380201189', '577667787679', 90);
insert into MENTOREVALUATETRAINEE values(2019, '899380201189', '577698869679', 88);
insert into MENTOREVALUATETRAINEE values(2019, '899380201189', '727627669529', 89);

insert into MENTOREVALUATETRAINEE values(2019, '899380201389', '577627669529', 92);
insert into MENTOREVALUATETRAINEE values(2019, '899380201389', '577667787679', 99);
insert into MENTOREVALUATETRAINEE values(2019, '899380201389', '577698869679', 93);
insert into MENTOREVALUATETRAINEE values(2019, '899380201389', '727627669529', 94);

insert into MENTOREVALUATETRAINEE values(2019, '899380201499', '577627669529', 83);
insert into MENTOREVALUATETRAINEE values(2019, '899380201499', '577667787679', 88);
insert into MENTOREVALUATETRAINEE values(2019, '899380201499', '577698869679', 85);
insert into MENTOREVALUATETRAINEE values(2019, '899380201499', '727627669529', 86);

insert into MENTOREVALUATETRAINEE values(2019, '899380202599', '577627669529', 94);
insert into MENTOREVALUATETRAINEE values(2019, '899380202599', '577667787679', 99);
insert into MENTOREVALUATETRAINEE values(2019, '899380202599', '577698869679', 98);
insert into MENTOREVALUATETRAINEE values(2019, '899380202599', '727627669529', 97);

insert into MENTOREVALUATETRAINEE values(2019, '899381302599', '577627669529', 85);
insert into MENTOREVALUATETRAINEE values(2019, '899381302599', '577667787679', 89);
insert into MENTOREVALUATETRAINEE values(2019, '899381302599', '577698869679', 90);
insert into MENTOREVALUATETRAINEE values(2019, '899381302599', '727627669529', 86);

insert into MENTOREVALUATETRAINEE values(2019, '890481302599', '577627669529', 86);
insert into MENTOREVALUATETRAINEE values(2019, '890481302599', '577667787679', 87);
insert into MENTOREVALUATETRAINEE values(2019, '890481302599', '577698869679', 84);
insert into MENTOREVALUATETRAINEE values(2019, '890481302599', '727627669529', 88);

insert into MENTOREVALUATETRAINEE values(2019, '890591302599', '577627669529', 97);
insert into MENTOREVALUATETRAINEE values(2019, '890591302599', '577667787679', 94);
insert into MENTOREVALUATETRAINEE values(2019, '890591302599', '577698869679', 95);
insert into MENTOREVALUATETRAINEE values(2019, '890591302599', '727627669529', 96);

insert into MENTOREVALUATETRAINEE values(2019, '890591302609', '577627669529', 88);
insert into MENTOREVALUATETRAINEE values(2019, '890591302609', '577667787679', 92);
insert into MENTOREVALUATETRAINEE values(2019, '890591302609', '577698869679', 83);
insert into MENTOREVALUATETRAINEE values(2019, '890591302609', '727627669529', 90);

insert into MENTOREVALUATETRAINEE values(2019, '890591303609', '577627669529', 89);
insert into MENTOREVALUATETRAINEE values(2019, '890591303609', '577667787679', 92);
insert into MENTOREVALUATETRAINEE values(2019, '890591303609', '577698869679', 86);
insert into MENTOREVALUATETRAINEE values(2019, '890591303609', '727627669529', 90);

insert into MENTOREVALUATETRAINEE values(2019, '890591314609', '577627669529', 90);
insert into MENTOREVALUATETRAINEE values(2019, '890591314609', '577667787679', 84);
insert into MENTOREVALUATETRAINEE values(2019, '890591314609', '577698869679', 87);
insert into MENTOREVALUATETRAINEE values(2019, '890591314609', '727627669529', 85);

insert into MENTOREVALUATETRAINEE values(2019, '890502314609', '577627669529', 81);
insert into MENTOREVALUATETRAINEE values(2019, '890502314609', '577667787679', 83);
insert into MENTOREVALUATETRAINEE values(2019, '890502314609', '577698869679', 82);
insert into MENTOREVALUATETRAINEE values(2019, '890502314609', '727627669529', 85);

insert into MENTOREVALUATETRAINEE values(2019, '891602314609', '577627669529', 92);
insert into MENTOREVALUATETRAINEE values(2019, '891602314609', '577667787679', 87);
insert into MENTOREVALUATETRAINEE values(2019, '891602314609', '577698869679', 89);
insert into MENTOREVALUATETRAINEE values(2019, '891602314609', '727627669529', 90);

insert into MENTOREVALUATETRAINEE values(2019, '891602325609', '577627669529', 93);
insert into MENTOREVALUATETRAINEE values(2019, '891602325609', '577667787679', 95);
insert into MENTOREVALUATETRAINEE values(2019, '891602325609', '577698869679', 91);
insert into MENTOREVALUATETRAINEE values(2019, '891602325609', '727627669529', 90);

insert into MENTOREVALUATETRAINEE values(2019, '891603425609', '577627669529', 84);
insert into MENTOREVALUATETRAINEE values(2019, '891603425609', '577667787679', 89);
insert into MENTOREVALUATETRAINEE values(2019, '891603425609', '577698869679', 81);
insert into MENTOREVALUATETRAINEE values(2019, '891603425609', '727627669529', 90);

insert into MENTOREVALUATETRAINEE values(2019, '891603535609', '577627669529', 95);
insert into MENTOREVALUATETRAINEE values(2019, '891603535609', '577667787679', 99);
insert into MENTOREVALUATETRAINEE values(2019, '891603535609', '577698869679', 90);
insert into MENTOREVALUATETRAINEE values(2019, '891603535609', '727627669529', 96);

insert into MENTOREVALUATETRAINEE values(2019, '891603536709', '577627669529', 86);
insert into MENTOREVALUATETRAINEE values(2019, '891603536709', '577667787679', 90);
insert into MENTOREVALUATETRAINEE values(2019, '891603536709', '577698869679', 87);
insert into MENTOREVALUATETRAINEE values(2019, '891603536709', '727627669529', 88);

insert into MENTOREVALUATETRAINEE values(2019, '891603538909', '577627669529', 97);
insert into MENTOREVALUATETRAINEE values(2019, '891603538909', '577667787679', 90);
insert into MENTOREVALUATETRAINEE values(2019, '891603538909', '577698869679', 93);
insert into MENTOREVALUATETRAINEE values(2019, '891603538909', '727627669529', 92);

insert into MENTOREVALUATETRAINEE values(2019, '891603648909', '577627669529', 88);
insert into MENTOREVALUATETRAINEE values(2019, '891603648909', '577667787679', 92);
insert into MENTOREVALUATETRAINEE values(2019, '891603648909', '577698869679', 91);
insert into MENTOREVALUATETRAINEE values(2019, '891603648909', '727627669529', 87);

insert into MENTOREVALUATETRAINEE values(2019, '891713648909', '577627669529', 99);
insert into MENTOREVALUATETRAINEE values(2019, '891713648909', '577667787679', 92);
insert into MENTOREVALUATETRAINEE values(2019, '891713648909', '577698869679', 94);
insert into MENTOREVALUATETRAINEE values(2019, '891713648909', '727627669529', 96);

insert into MENTOREVALUATETRAINEE values(2019, '891713758909', '577627669529', 80);
insert into MENTOREVALUATETRAINEE values(2019, '891713758909', '577667787679', 85);
insert into MENTOREVALUATETRAINEE values(2019, '891713758909', '577698869679', 83);
insert into MENTOREVALUATETRAINEE values(2019, '891713758909', '727627669529', 87);

-- 2020
insert into MENTOREVALUATETRAINEE values(2020, '348771200167', '577627669529', 91);
insert into MENTOREVALUATETRAINEE values(2020, '348771200167', '577627669679', 89);
insert into MENTOREVALUATETRAINEE values(2020, '348771200167', '577692669679', 90);
insert into MENTOREVALUATETRAINEE values(2020, '348771200167', '577667787679', 87);

insert into MENTOREVALUATETRAINEE values(2020, '458661200167', '577627669529', 82);
insert into MENTOREVALUATETRAINEE values(2020, '458661200167', '577627669679', 85);
insert into MENTOREVALUATETRAINEE values(2020, '458661200167', '577692669679', 90);
insert into MENTOREVALUATETRAINEE values(2020, '458661200167', '577667787679', 88);

insert into MENTOREVALUATETRAINEE values(2020, '568361206567', '577627669529', 83);
insert into MENTOREVALUATETRAINEE values(2020, '568361206567', '577627669679', 90);
insert into MENTOREVALUATETRAINEE values(2020, '568361206567', '577692669679', 84);
insert into MENTOREVALUATETRAINEE values(2020, '568361206567', '577667787679', 86);

insert into MENTOREVALUATETRAINEE values(2020, '568361212167', '577627669529', 84);
insert into MENTOREVALUATETRAINEE values(2020, '568361212167', '577627669679', 90);
insert into MENTOREVALUATETRAINEE values(2020, '568361212167', '577692669679', 91);
insert into MENTOREVALUATETRAINEE values(2020, '568361212167', '577667787679', 88);

insert into MENTOREVALUATETRAINEE values(2020, '678361298167', '577627669529', 95);
insert into MENTOREVALUATETRAINEE values(2020, '678361298167', '577627669679', 91);
insert into MENTOREVALUATETRAINEE values(2020, '678361298167', '577692669679', 90);
insert into MENTOREVALUATETRAINEE values(2020, '678361298167', '577667787679', 93);

insert into MENTOREVALUATETRAINEE values(2020, '788361980167', '577627669529', 86);
insert into MENTOREVALUATETRAINEE values(2020, '788361980167', '577627669679', 90);
insert into MENTOREVALUATETRAINEE values(2020, '788361980167', '577692669679', 89);
insert into MENTOREVALUATETRAINEE values(2020, '788361980167', '577667787679', 87);

insert into MENTOREVALUATETRAINEE values(2020, '823361200167', '577627669529', 87);
insert into MENTOREVALUATETRAINEE values(2020, '823361200167', '577627669679', 90);
insert into MENTOREVALUATETRAINEE values(2020, '823361200167', '577692669679', 91);
insert into MENTOREVALUATETRAINEE values(2020, '823361200167', '577667787679', 88);

insert into MENTOREVALUATETRAINEE values(2020, '899231200167', '577627669529', 98);
insert into MENTOREVALUATETRAINEE values(2020, '899231200167', '577627669679', 95);
insert into MENTOREVALUATETRAINEE values(2020, '899231200167', '577692669679', 93);
insert into MENTOREVALUATETRAINEE values(2020, '899231200167', '577667787679', 96);

insert into MENTOREVALUATETRAINEE values(2020, '779360200178', '577627669529', 89);
insert into MENTOREVALUATETRAINEE values(2020, '779360200178', '577627669679', 95);
insert into MENTOREVALUATETRAINEE values(2020, '779360200178', '577692669679', 91);
insert into MENTOREVALUATETRAINEE values(2020, '779360200178', '577667787679', 92);

insert into MENTOREVALUATETRAINEE values(2020, '899360208889', '577627669529', 90);
insert into MENTOREVALUATETRAINEE values(2020, '899360208889', '577627669679', 92);
insert into MENTOREVALUATETRAINEE values(2020, '899360208889', '577692669679', 95);
insert into MENTOREVALUATETRAINEE values(2020, '899360208889', '577667787679', 97);

insert into MENTOREVALUATETRAINEE values(2020, '439360201189', '577627669529', 71);
insert into MENTOREVALUATETRAINEE values(2020, '439360201189', '577627669679', 78);
insert into MENTOREVALUATETRAINEE values(2020, '439360201189', '577692669679', 75);
insert into MENTOREVALUATETRAINEE values(2020, '439360201189', '577667787679', 74);

insert into MENTOREVALUATETRAINEE values(2020, '895580201189', '577627669529', 62);
insert into MENTOREVALUATETRAINEE values(2020, '895580201189', '577627669679', 65);
insert into MENTOREVALUATETRAINEE values(2020, '895580201189', '577692669679', 70);
insert into MENTOREVALUATETRAINEE values(2020, '895580201189', '577667787679', 69);

insert into MENTOREVALUATETRAINEE values(2020, '899398201389', '577627669529', 73);
insert into MENTOREVALUATETRAINEE values(2020, '899398201389', '577627669679', 70);
insert into MENTOREVALUATETRAINEE values(2020, '899398201389', '577692669679', 67);
insert into MENTOREVALUATETRAINEE values(2020, '899398201389', '577667787679', 68);

insert into MENTOREVALUATETRAINEE values(2020, '899323201499', '577627669529', 64);
insert into MENTOREVALUATETRAINEE values(2020, '899323201499', '577627669679', 65);
insert into MENTOREVALUATETRAINEE values(2020, '899323201499', '577692669679', 69);
insert into MENTOREVALUATETRAINEE values(2020, '899323201499', '577667787679', 67);

insert into MENTOREVALUATETRAINEE values(2020, '899380267599', '577627669529', 55);
insert into MENTOREVALUATETRAINEE values(2020, '899380267599', '577627669679', 59);
insert into MENTOREVALUATETRAINEE values(2020, '899380267599', '577692669679', 50);
insert into MENTOREVALUATETRAINEE values(2020, '899380267599', '577667787679', 54);

insert into MENTOREVALUATETRAINEE values(2020, '892381302599', '577627669529', 46);
insert into MENTOREVALUATETRAINEE values(2020, '892381302599', '577627669679', 49);
insert into MENTOREVALUATETRAINEE values(2020, '892381302599', '577692669679', 51);
insert into MENTOREVALUATETRAINEE values(2020, '892381302599', '577667787679', 47);

insert into MENTOREVALUATETRAINEE values(2020, '890481303499', '577627669529', 67);
insert into MENTOREVALUATETRAINEE values(2020, '890481303499', '577627669679', 63);
insert into MENTOREVALUATETRAINEE values(2020, '890481303499', '577692669679', 64);
insert into MENTOREVALUATETRAINEE values(2020, '890481303499', '577667787679', 69);

insert into MENTOREVALUATETRAINEE values(2020, '890231302599', '577627669529', 58);
insert into MENTOREVALUATETRAINEE values(2020, '890231302599', '577627669679', 60);
insert into MENTOREVALUATETRAINEE values(2020, '890231302599', '577692669679', 55);
insert into MENTOREVALUATETRAINEE values(2020, '890231302599', '577667787679', 53);

insert into MENTOREVALUATETRAINEE values(2020, '320591302609', '577627669529', 49);
insert into MENTOREVALUATETRAINEE values(2020, '320591302609', '577627669679', 51);
insert into MENTOREVALUATETRAINEE values(2020, '320591302609', '577692669679', 55);
insert into MENTOREVALUATETRAINEE values(2020, '320591302609', '577667787679', 47);

insert into MENTOREVALUATETRAINEE values(2020, '890231303609', '577627669529', 60);
insert into MENTOREVALUATETRAINEE values(2020, '890231303609', '577627669679', 61);
insert into MENTOREVALUATETRAINEE values(2020, '890231303609', '577692669679', 57);
insert into MENTOREVALUATETRAINEE values(2020, '890231303609', '577667787679', 59);

insert into MENTOREVALUATETRAINEE values(2020, '891713769909', '577627669529', 81);
insert into MENTOREVALUATETRAINEE values(2020, '891713769909', '577627669679', 89);
insert into MENTOREVALUATETRAINEE values(2020, '891713769909', '577692669679', 85);
insert into MENTOREVALUATETRAINEE values(2020, '891713769909', '577667787679', 84);

insert into MENTOREVALUATETRAINEE values(2020, '891735769909', '577627669529', 92);
insert into MENTOREVALUATETRAINEE values(2020, '891735769909', '577627669679', 90);
insert into MENTOREVALUATETRAINEE values(2020, '891735769909', '577692669679', 89);
insert into MENTOREVALUATETRAINEE values(2020, '891735769909', '577667787679', 88);

insert into MENTOREVALUATETRAINEE values(2020, '832735769909', '577627669529', 93);
insert into MENTOREVALUATETRAINEE values(2020, '832735769909', '577627669679', 94);
insert into MENTOREVALUATETRAINEE values(2020, '832735769909', '577692669679', 91);
insert into MENTOREVALUATETRAINEE values(2020, '832735769909', '577667787679', 90);

insert into MENTOREVALUATETRAINEE values(2020, '832735769709', '577627669529', 84);
insert into MENTOREVALUATETRAINEE values(2020, '832735769709', '577627669679', 90);
insert into MENTOREVALUATETRAINEE values(2020, '832735769709', '577692669679', 87);
insert into MENTOREVALUATETRAINEE values(2020, '832735769709', '577667787679', 89);

insert into MENTOREVALUATETRAINEE values(2020, '732735769709', '577627669529', 95);
insert into MENTOREVALUATETRAINEE values(2020, '732735769709', '577627669679', 99);
insert into MENTOREVALUATETRAINEE values(2020, '732735769709', '577692669679', 97);
insert into MENTOREVALUATETRAINEE values(2020, '732735769709', '577667787679', 92);

insert into MENTOREVALUATETRAINEE values(2020, '732735769819', '577627669529', 86);
insert into MENTOREVALUATETRAINEE values(2020, '732735769819', '577627669679', 90);
insert into MENTOREVALUATETRAINEE values(2020, '732735769819', '577692669679', 83);
insert into MENTOREVALUATETRAINEE values(2020, '732735769819', '577667787679', 85);

insert into MENTOREVALUATETRAINEE values(2020, '732825769819', '577627669529', 97);
insert into MENTOREVALUATETRAINEE values(2020, '732825769819', '577627669679', 98);
insert into MENTOREVALUATETRAINEE values(2020, '732825769819', '577692669679', 95);
insert into MENTOREVALUATETRAINEE values(2020, '732825769819', '577667787679', 94);

insert into MENTOREVALUATETRAINEE values(2020, '732825769439', '577627669529', 88);
insert into MENTOREVALUATETRAINEE values(2020, '732825769439', '577627669679', 90);
insert into MENTOREVALUATETRAINEE values(2020, '732825769439', '577692669679', 91);
insert into MENTOREVALUATETRAINEE values(2020, '732825769439', '577667787679', 89);

insert into MENTOREVALUATETRAINEE values(2020, '775825769439', '577627669529', 99);
insert into MENTOREVALUATETRAINEE values(2020, '775825769439', '577627669679', 100);
insert into MENTOREVALUATETRAINEE values(2020, '775825769439', '577692669679', 97);
insert into MENTOREVALUATETRAINEE values(2020, '775825769439', '577667787679', 95);

insert into MENTOREVALUATETRAINEE values(2020, '723825769439', '577627669529', 90);
insert into MENTOREVALUATETRAINEE values(2020, '723825769439', '577627669679', 89);
insert into MENTOREVALUATETRAINEE values(2020, '723825769439', '577692669679', 88);
insert into MENTOREVALUATETRAINEE values(2020, '723825769439', '577667787679', 89);

insert into MENTOREVALUATETRAINEE values(2020, '890502314609', '577627669529', 81);
insert into MENTOREVALUATETRAINEE values(2020, '890502314609', '577627669679', 85);
insert into MENTOREVALUATETRAINEE values(2020, '890502314609', '577692669679', 84);
insert into MENTOREVALUATETRAINEE values(2020, '890502314609', '577667787679', 83);

insert into MENTOREVALUATETRAINEE values(2020, '891602314609', '577627669529', 92);
insert into MENTOREVALUATETRAINEE values(2020, '891602314609', '577627669679', 95);
insert into MENTOREVALUATETRAINEE values(2020, '891602314609', '577692669679', 94);
insert into MENTOREVALUATETRAINEE values(2020, '891602314609', '577667787679', 96);

insert into MENTOREVALUATETRAINEE values(2020, '891602325609', '577627669529', 83);
insert into MENTOREVALUATETRAINEE values(2020, '891602325609', '577627669679', 88);
insert into MENTOREVALUATETRAINEE values(2020, '891602325609', '577692669679', 84);
insert into MENTOREVALUATETRAINEE values(2020, '891602325609', '577667787679', 87);

insert into MENTOREVALUATETRAINEE values(2020, '891603425609', '577627669529', 94);
insert into MENTOREVALUATETRAINEE values(2020, '891603425609', '577627669679', 90);
insert into MENTOREVALUATETRAINEE values(2020, '891603425609', '577692669679', 91);
insert into MENTOREVALUATETRAINEE values(2020, '891603425609', '577667787679', 92);

insert into MENTOREVALUATETRAINEE values(2020, '891603535609', '577627669529', 95);
insert into MENTOREVALUATETRAINEE values(2020, '891603535609', '577627669679', 98);
insert into MENTOREVALUATETRAINEE values(2020, '891603535609', '577692669679', 96);
insert into MENTOREVALUATETRAINEE values(2020, '891603535609', '577667787679', 97);

insert into MENTOREVALUATETRAINEE values(2020, '891603536709', '577627669529', 86);
insert into MENTOREVALUATETRAINEE values(2020, '891603536709', '577627669679', 89);
insert into MENTOREVALUATETRAINEE values(2020, '891603536709', '577692669679', 87);
insert into MENTOREVALUATETRAINEE values(2020, '891603536709', '577667787679', 90);

insert into MENTOREVALUATETRAINEE values(2020, '891603538909', '577627669529', 87);
insert into MENTOREVALUATETRAINEE values(2020, '891603538909', '577627669679', 92);
insert into MENTOREVALUATETRAINEE values(2020, '891603538909', '577692669679', 85);
insert into MENTOREVALUATETRAINEE values(2020, '891603538909', '577667787679', 90);

insert into MENTOREVALUATETRAINEE values(2020, '891603648909', '577627669529', 98);
insert into MENTOREVALUATETRAINEE values(2020, '891603648909', '577627669679', 96);
insert into MENTOREVALUATETRAINEE values(2020, '891603648909', '577692669679', 97);
insert into MENTOREVALUATETRAINEE values(2020, '891603648909', '577667787679', 99);

insert into MENTOREVALUATETRAINEE values(2020, '891713648909', '577627669529', 89);
insert into MENTOREVALUATETRAINEE values(2020, '891713648909', '577627669679', 92);
insert into MENTOREVALUATETRAINEE values(2020, '891713648909', '577692669679', 91);
insert into MENTOREVALUATETRAINEE values(2020, '891713648909', '577667787679', 90);

insert into MENTOREVALUATETRAINEE values(2020, '891713758909', '577627669529', 90);
insert into MENTOREVALUATETRAINEE values(2020, '891713758909', '577627669679', 94);
insert into MENTOREVALUATETRAINEE values(2020, '891713758909', '577692669679', 93);
insert into MENTOREVALUATETRAINEE values(2020, '891713758909', '577667787679', 87);

-- 2021
insert into MENTOREVALUATETRAINEE values(2021, '823591314609', '577667787679', 41);
insert into MENTOREVALUATETRAINEE values(2021, '823591314609', '574467787679', 45);
insert into MENTOREVALUATETRAINEE values(2021, '823591314609', '577698869679', 42);
insert into MENTOREVALUATETRAINEE values(2021, '823591314609', '577627669679', 47);

insert into MENTOREVALUATETRAINEE values(2021, '890232314609', '577667787679', 62);
insert into MENTOREVALUATETRAINEE values(2021, '890232314609', '574467787679', 58);
insert into MENTOREVALUATETRAINEE values(2021, '890232314609', '577698869679', 60);
insert into MENTOREVALUATETRAINEE values(2021, '890232314609', '577627669679', 56);

insert into MENTOREVALUATETRAINEE values(2021, '891602314099', '577667787679', 73);
insert into MENTOREVALUATETRAINEE values(2021, '891602314099', '574467787679', 70);
insert into MENTOREVALUATETRAINEE values(2021, '891602314099', '577698869679', 69);
insert into MENTOREVALUATETRAINEE values(2021, '891602314099', '577627669679', 72);

insert into MENTOREVALUATETRAINEE values(2021, '891602655609', '577667787679', 64);
insert into MENTOREVALUATETRAINEE values(2021, '891602655609', '574467787679', 67);
insert into MENTOREVALUATETRAINEE values(2021, '891602655609', '577698869679', 69);
insert into MENTOREVALUATETRAINEE values(2021, '891602655609', '577627669679', 61);

insert into MENTOREVALUATETRAINEE values(2021, '891603425239', '577667787679', 55);
insert into MENTOREVALUATETRAINEE values(2021, '891603425239', '574467787679', 50);
insert into MENTOREVALUATETRAINEE values(2021, '891603425239', '577698869679', 51);
insert into MENTOREVALUATETRAINEE values(2021, '891603425239', '577627669679', 54);

insert into MENTOREVALUATETRAINEE values(2021, '891603536509', '577667787679', 66);
insert into MENTOREVALUATETRAINEE values(2021, '891603536509', '574467787679', 69);
insert into MENTOREVALUATETRAINEE values(2021, '891603536509', '577698869679', 61);
insert into MENTOREVALUATETRAINEE values(2021, '891603536509', '577627669679', 64);

insert into MENTOREVALUATETRAINEE values(2021, '891603536549', '577667787679', 47);
insert into MENTOREVALUATETRAINEE values(2021, '891603536549', '574467787679', 50);
insert into MENTOREVALUATETRAINEE values(2021, '891603536549', '577698869679', 45);
insert into MENTOREVALUATETRAINEE values(2021, '891603536549', '577627669679', 49);

insert into MENTOREVALUATETRAINEE values(2021, '891644538909', '577667787679', 58);
insert into MENTOREVALUATETRAINEE values(2021, '891644538909', '574467787679', 54);
insert into MENTOREVALUATETRAINEE values(2021, '891644538909', '577698869679', 57);
insert into MENTOREVALUATETRAINEE values(2021, '891644538909', '577627669679', 55);

insert into MENTOREVALUATETRAINEE values(2021, '891603658909', '577667787679', 69);
insert into MENTOREVALUATETRAINEE values(2021, '891603658909', '574467787679', 65);
insert into MENTOREVALUATETRAINEE values(2021, '891603658909', '577698869679', 64);
insert into MENTOREVALUATETRAINEE values(2021, '891603658909', '577627669679', 66);

insert into MENTOREVALUATETRAINEE values(2021, '891713648965', '577667787679', 60);
insert into MENTOREVALUATETRAINEE values(2021, '891713648965', '574467787679', 54);
insert into MENTOREVALUATETRAINEE values(2021, '891713648965', '577698869679', 57);
insert into MENTOREVALUATETRAINEE values(2021, '891713648965', '577627669679', 58);

insert into MENTOREVALUATETRAINEE values(2021, '891873758909', '577667787679', 91);
insert into MENTOREVALUATETRAINEE values(2021, '891873758909', '574467787679', 98);
insert into MENTOREVALUATETRAINEE values(2021, '891873758909', '577698869679', 94);
insert into MENTOREVALUATETRAINEE values(2021, '891873758909', '577627669679', 96);

insert into MENTOREVALUATETRAINEE values(2021, '891723769909', '577667787679', 82);
insert into MENTOREVALUATETRAINEE values(2021, '891723769909', '574467787679', 88);
insert into MENTOREVALUATETRAINEE values(2021, '891723769909', '577698869679', 85);
insert into MENTOREVALUATETRAINEE values(2021, '891723769909', '577627669679', 89);

insert into MENTOREVALUATETRAINEE values(2021, '895435769909', '577667787679', 93);
insert into MENTOREVALUATETRAINEE values(2021, '895435769909', '574467787679', 95);
insert into MENTOREVALUATETRAINEE values(2021, '895435769909', '577698869679', 99);
insert into MENTOREVALUATETRAINEE values(2021, '895435769909', '577627669679', 96);

insert into MENTOREVALUATETRAINEE values(2021, '832735765409', '577667787679', 94);
insert into MENTOREVALUATETRAINEE values(2021, '832735765409', '574467787679', 90);
insert into MENTOREVALUATETRAINEE values(2021, '832735765409', '577698869679', 88);
insert into MENTOREVALUATETRAINEE values(2021, '832735765409', '577627669679', 92);

insert into MENTOREVALUATETRAINEE values(2021, '832235769709', '577667787679', 95);
insert into MENTOREVALUATETRAINEE values(2021, '832235769709', '574467787679', 91);
insert into MENTOREVALUATETRAINEE values(2021, '832235769709', '577698869679', 93);
insert into MENTOREVALUATETRAINEE values(2021, '832235769709', '577627669679', 94);

insert into MENTOREVALUATETRAINEE values(2021, '737835769709', '577667787679', 86);
insert into MENTOREVALUATETRAINEE values(2021, '737835769709', '574467787679', 89);
insert into MENTOREVALUATETRAINEE values(2021, '737835769709', '577698869679', 87);
insert into MENTOREVALUATETRAINEE values(2021, '737835769709', '577627669679', 90);

insert into MENTOREVALUATETRAINEE values(2021, '732738769819', '577667787679', 97);
insert into MENTOREVALUATETRAINEE values(2021, '732738769819', '574467787679', 99);
insert into MENTOREVALUATETRAINEE values(2021, '732738769819', '577698869679', 100);
insert into MENTOREVALUATETRAINEE values(2021, '732738769819', '577627669679', 98);

insert into MENTOREVALUATETRAINEE values(2021, '732235769819', '577667787679', 88);
insert into MENTOREVALUATETRAINEE values(2021, '732235769819', '574467787679', 92);
insert into MENTOREVALUATETRAINEE values(2021, '732235769819', '577698869679', 90);
insert into MENTOREVALUATETRAINEE values(2021, '732235769819', '577627669679', 89);

insert into MENTOREVALUATETRAINEE values(2021, '732235769439', '577667787679', 89);
insert into MENTOREVALUATETRAINEE values(2021, '732235769439', '574467787679', 81);
insert into MENTOREVALUATETRAINEE values(2021, '732235769439', '577698869679', 83);
insert into MENTOREVALUATETRAINEE values(2021, '732235769439', '577627669679', 84);

insert into MENTOREVALUATETRAINEE values(2021, '835825769439', '577667787679', 80);
insert into MENTOREVALUATETRAINEE values(2021, '835825769439', '574467787679', 85);
insert into MENTOREVALUATETRAINEE values(2021, '835825769439', '577698869679', 81);
insert into MENTOREVALUATETRAINEE values(2021, '835825769439', '577627669679', 83);

insert into MENTOREVALUATETRAINEE values(2021, '439360201189', '577667787679', 81);
insert into MENTOREVALUATETRAINEE values(2021, '439360201189', '574467787679', 83);
insert into MENTOREVALUATETRAINEE values(2021, '439360201189', '577698869679', 84);
insert into MENTOREVALUATETRAINEE values(2021, '439360201189', '577627669679', 85);

insert into MENTOREVALUATETRAINEE values(2021, '895580201189', '577667787679', 92);
insert into MENTOREVALUATETRAINEE values(2021, '895580201189', '574467787679', 90);
insert into MENTOREVALUATETRAINEE values(2021, '895580201189', '577698869679', 94);
insert into MENTOREVALUATETRAINEE values(2021, '895580201189', '577627669679', 95);

insert into MENTOREVALUATETRAINEE values(2021, '899398201389', '577667787679', 93);
insert into MENTOREVALUATETRAINEE values(2021, '899398201389', '574467787679', 90);
insert into MENTOREVALUATETRAINEE values(2021, '899398201389', '577698869679', 94);
insert into MENTOREVALUATETRAINEE values(2021, '899398201389', '577627669679', 91);

insert into MENTOREVALUATETRAINEE values(2021, '899323201499', '577667787679', 84);
insert into MENTOREVALUATETRAINEE values(2021, '899323201499', '574467787679', 89);
insert into MENTOREVALUATETRAINEE values(2021, '899323201499', '577698869679', 85);
insert into MENTOREVALUATETRAINEE values(2021, '899323201499', '577627669679', 86);

insert into MENTOREVALUATETRAINEE values(2021, '899380267599', '577667787679', 95);
insert into MENTOREVALUATETRAINEE values(2021, '899380267599', '574467787679', 97);
insert into MENTOREVALUATETRAINEE values(2021, '899380267599', '577698869679', 96);
insert into MENTOREVALUATETRAINEE values(2021, '899380267599', '577627669679', 91);

insert into MENTOREVALUATETRAINEE values(2021, '892381302599', '577667787679', 86);
insert into MENTOREVALUATETRAINEE values(2021, '892381302599', '574467787679', 90);
insert into MENTOREVALUATETRAINEE values(2021, '892381302599', '577698869679', 84);
insert into MENTOREVALUATETRAINEE values(2021, '892381302599', '577627669679', 87);

insert into MENTOREVALUATETRAINEE values(2021, '890481303499', '577667787679', 97);
insert into MENTOREVALUATETRAINEE values(2021, '890481303499', '574467787679', 95);
insert into MENTOREVALUATETRAINEE values(2021, '890481303499', '577698869679', 98);
insert into MENTOREVALUATETRAINEE values(2021, '890481303499', '577627669679', 99);

insert into MENTOREVALUATETRAINEE values(2021, '890231302599', '577667787679', 88);
insert into MENTOREVALUATETRAINEE values(2021, '890231302599', '574467787679', 92);
insert into MENTOREVALUATETRAINEE values(2021, '890231302599', '577698869679', 90);
insert into MENTOREVALUATETRAINEE values(2021, '890231302599', '577627669679', 89);

insert into MENTOREVALUATETRAINEE values(2021, '320591302609', '577667787679', 99);
insert into MENTOREVALUATETRAINEE values(2021, '320591302609', '574467787679', 97);
insert into MENTOREVALUATETRAINEE values(2021, '320591302609', '577698869679', 96);
insert into MENTOREVALUATETRAINEE values(2021, '320591302609', '577627669679', 98);

insert into MENTOREVALUATETRAINEE values(2021, '890231303609', '577667787679', 100);
insert into MENTOREVALUATETRAINEE values(2021, '890231303609', '574467787679', 92);
insert into MENTOREVALUATETRAINEE values(2021, '890231303609', '577698869679', 93);
insert into MENTOREVALUATETRAINEE values(2021, '890231303609', '577627669679', 94);

insert into MENTOREVALUATETRAINEE values(2021, '629084856384', '577667787679', 81);
insert into MENTOREVALUATETRAINEE values(2021, '629084856384', '574467787679', 90);
insert into MENTOREVALUATETRAINEE values(2021, '629084856384', '577698869679', 82);
insert into MENTOREVALUATETRAINEE values(2021, '629084856384', '577627669679', 85);

insert into MENTOREVALUATETRAINEE values(2021, '232456404174', '577667787679', 82);
insert into MENTOREVALUATETRAINEE values(2021, '232456404174', '574467787679', 87);
insert into MENTOREVALUATETRAINEE values(2021, '232456404174', '577698869679', 83);
insert into MENTOREVALUATETRAINEE values(2021, '232456404174', '577627669679', 84);

insert into MENTOREVALUATETRAINEE values(2021, '588367200110', '577667787679', 93);
insert into MENTOREVALUATETRAINEE values(2021, '588367200110', '574467787679', 90);
insert into MENTOREVALUATETRAINEE values(2021, '588367200110', '577698869679', 91);
insert into MENTOREVALUATETRAINEE values(2021, '588367200110', '577627669679', 92);

insert into MENTOREVALUATETRAINEE values(2021, '588363130110', '577667787679', 84);
insert into MENTOREVALUATETRAINEE values(2021, '588363130110', '574467787679', 87);
insert into MENTOREVALUATETRAINEE values(2021, '588363130110', '577698869679', 85);
insert into MENTOREVALUATETRAINEE values(2021, '588363130110', '577627669679', 89);

insert into MENTOREVALUATETRAINEE values(2021, '588363400120', '577667787679', 95);
insert into MENTOREVALUATETRAINEE values(2021, '588363400120', '574467787679', 90);
insert into MENTOREVALUATETRAINEE values(2021, '588363400120', '577698869679', 92);
insert into MENTOREVALUATETRAINEE values(2021, '588363400120', '577627669679', 93);

insert into MENTOREVALUATETRAINEE values(2021, '891713769909', '577667787679', 86);
insert into MENTOREVALUATETRAINEE values(2021, '891713769909', '574467787679', 89);
insert into MENTOREVALUATETRAINEE values(2021, '891713769909', '577698869679', 91);
insert into MENTOREVALUATETRAINEE values(2021, '891713769909', '577627669679', 90);

insert into MENTOREVALUATETRAINEE values(2021, '891735769909', '577667787679', 97);
insert into MENTOREVALUATETRAINEE values(2021, '891735769909', '574467787679', 94);
insert into MENTOREVALUATETRAINEE values(2021, '891735769909', '577698869679', 96);
insert into MENTOREVALUATETRAINEE values(2021, '891735769909', '577627669679', 95);

insert into MENTOREVALUATETRAINEE values(2021, '832735769909', '577667787679', 88);
insert into MENTOREVALUATETRAINEE values(2021, '832735769909', '574467787679', 90);
insert into MENTOREVALUATETRAINEE values(2021, '832735769909', '577698869679', 84);
insert into MENTOREVALUATETRAINEE values(2021, '832735769909', '577627669679', 85);

insert into MENTOREVALUATETRAINEE values(2021, '832735769709', '577667787679', 89);
insert into MENTOREVALUATETRAINEE values(2021, '832735769709', '574467787679', 91);
insert into MENTOREVALUATETRAINEE values(2021, '832735769709', '577698869679', 92);
insert into MENTOREVALUATETRAINEE values(2021, '832735769709', '577627669679', 88);

insert into MENTOREVALUATETRAINEE values(2021, '732735769709', '577667787679', 90);
insert into MENTOREVALUATETRAINEE values(2021, '732735769709', '574467787679', 81);
insert into MENTOREVALUATETRAINEE values(2021, '732735769709', '577698869679', 85);
insert into MENTOREVALUATETRAINEE values(2021, '732735769709', '577627669679', 87);
commit;

-- Song Composed
insert into SongComposedBy values('S12', '577666869679');
insert into SongComposedBy values('S9', '577666869679');
insert into SongComposedBy values('S11', '577666869679');
insert into SongComposedBy values('S7', '577667769679');
insert into SongComposedBy values('S3', '577667769679');
insert into SongComposedBy values('S4', '577667787679');
insert into SongComposedBy values('S5', '577667787679');
insert into SongComposedBy values('S25', '574467787679');
insert into SongComposedBy values('S30', '574467787679');
insert into SongComposedBy values('S31', '574467787679');

select * from SONGCOMPOSEDBY;
-- Episode
insert into Episode values(2018, 1, 'Theme song stage', to_date('01/02/2018 20:00', 'dd/mm/yyyy hh24:mi'), 60);
insert into Episode values(2018, 2, 'Professional stage', to_date('08/02/2018 20:00', 'dd/mm/yyyy hh24:mi'), 60 );
insert into Episode values(2018, 3, 'Group battle stage', to_date('15/02/2018 20:00', 'dd/mm/yyyy hh24:mi'), 60 );
insert into Episode values(2018, 4, 'Cooperation stage', to_date('22/02/2018 20:00', 'dd/mm/yyyy hh24:mi'), 60 );
insert into Episode values(2018, 5, 'Debut night', to_date('01/03/2018 20:00', 'dd/mm/yyyy hh24:mi'),60 );
insert into Episode values(2019, 1, 'Theme song stage', to_date('01/03/2019 19:00', 'dd/mm/yyyy hh24:mi'), 60);
insert into Episode values(2019, 2,  'Professional stage', to_date('08/03/2019 19:00', 'dd/mm/yyyy hh24:mi'), 60);
insert into Episode values(2019, 3, 'Group battle stage', to_date('15/03/2019 19:00', 'dd/mm/yyyy hh24:mi'),60);
insert into Episode values(2019, 4, 'Cooperation stage', to_date('22/03/2019 19:00', 'dd/mm/yyyy hh24:mi'), 60 );
insert into Episode values(2019, 5, 'Debut night', to_date('29/03/2019 19:00', 'dd/mm/yyyy hh24:mi'), 60 );
insert into Episode values(2020, 1, 'Theme song stage', to_date('01/06/2020 20:00', 'dd/mm/yyyy hh24:mi'), 60 );
insert into Episode values(2020, 2, 'Professional stage', to_date('08/06/2020 20:00', 'dd/mm/yyyy hh24:mi'), 60 );
insert into Episode values(2020, 3, 'Group battle stage', to_date('15/06/2020 20:00', 'dd/mm/yyyy hh24:mi'), 60 );
insert into Episode values(2020, 4, 'Cooperation stage', to_date('22/06/2020 20:00', 'dd/mm/yyyy hh24:mi'),60 );
insert into Episode values(2020, 5, 'Debut night', to_date('29/06/2020 20:00', 'dd/mm/yyyy hh24:mi'), 60 );
insert into Episode values(2021, 1, 'Theme song stage', to_date('01/07/2021 21:00', 'dd/mm/yyyy hh24:mi'), 60 );
insert into Episode values(2021, 2, 'Professional stage', to_date('08/07/2021 21:00', 'dd/mm/yyyy hh24:mi'), 60 );
insert into Episode values(2021, 3, 'Group battle stage', to_date('15/07/2021 21:00', 'dd/mm/yyyy hh24:mi'), 60 );
insert into Episode values(2021, 4, 'Cooperation stage', to_date('22/07/2021 21:00', 'dd/mm/yyyy hh24:mi'), 60 );
insert into Episode values(2021, 5, 'Debut night', to_date('29/07/2021 21:00', 'dd/mm/yyyy hh24:mi'), 60);

-- Stage
-- 2018
-- EP 1
insert into Stage values(2018,1,1811, 'No',1,0, 'S1');
insert into Stage values(2018,1,1812, 'No',1,0, 'S1');
insert into Stage values(2018,1,1813, 'No',1,0, 'S1');
insert into Stage values(2018,1,1814, 'No',1,0, 'S1');
insert into Stage values(2018,1,1815, 'No',1,0, 'S1');
insert into Stage values(2018,1,1816, 'No',1,0, 'S1');
insert into Stage values(2018,1,1817, 'No',1,0, 'S1');
insert into Stage values(2018,1,1818, 'No',1,0, 'S1');
insert into Stage values(2018,1,1819, 'No',1,0, 'S1');
insert into Stage values(2018,1,18110, 'No',1,0, 'S1');
insert into Stage values(2018,1,18111, 'No',1,0, 'S1');
insert into Stage values(2018,1,18112, 'No',1,0, 'S1');
insert into Stage values(2018,1,18113, 'No',1,0, 'S1');
insert into Stage values(2018,1,18114, 'No',1,0, 'S1');
insert into Stage values(2018,1,18115, 'No',1,0, 'S1');
insert into Stage values(2018,1,18116, 'No',1,0, 'S1');
insert into Stage values(2018,1,18117, 'No',1,0, 'S1');
insert into Stage values(2018,1,18118, 'No',1,0, 'S1');
insert into Stage values(2018,1,18119, 'No',1,0, 'S1');
insert into Stage values(2018,1,18120, 'No',1,0, 'S1');
insert into Stage values(2018,1,18121, 'No',1,0, 'S1');
insert into Stage values(2018,1,18122, 'No',1,0, 'S1');
insert into Stage values(2018,1,18123, 'No',1,0, 'S1');
insert into Stage values(2018,1,18124, 'No',1,0, 'S1');
insert into Stage values(2018,1,18125, 'No',1,0, 'S1');
insert into Stage values(2018,1,18126, 'No',1,0, 'S1');
insert into Stage values(2018,1,18127, 'No',1,0, 'S1');
insert into Stage values(2018,1,18128, 'No',1,0, 'S1');
insert into Stage values(2018,1,18129, 'No',1,0, 'S1');
insert into Stage values(2018,1,18130, 'No',1,0, 'S1');
insert into Stage values(2018,1,18131, 'No',1,0, 'S1');
insert into Stage values(2018,1,18132, 'No',1,0, 'S1');
insert into Stage values(2018,1,18133, 'No',1,0, 'S1');
insert into Stage values(2018,1,18134, 'No',1,0, 'S1');
insert into Stage values(2018,1,18135, 'No',1,0, 'S1');
insert into Stage values(2018,1,18136, 'No',1,0, 'S1');
insert into Stage values(2018,1,18137, 'No',1,0, 'S1');
insert into Stage values(2018,1,18138, 'No',1,0, 'S1');
insert into Stage values(2018,1,18139, 'No',1,0, 'S1');
insert into Stage values(2018,1,18140, 'No',1,0, 'S1');


-- EP 2
insert into Stage values(2018,2,1821, 'Yes',2, 0, 'S2');
insert into Stage values(2018,2,1822, 'Yes',3, 0, 'S3');
insert into Stage values(2018,2,1823, 'Yes',1, 0, 'S4');
insert into Stage values(2018,2,1824, 'Yes',3, 0, 'S5');
insert into Stage values(2018,2,1825, 'Yes',1, 0, 'S6');
insert into Stage values(2018,2,1826, 'Yes',3, 0, 'S7');
-- EP 3
insert into Stage values(2018,3,1831, 'Yes', 4, 0, 'S9');
insert into Stage values(2018,3,1832, 'Yes', 2, 0, 'S9');
insert into Stage values(2018,3,1833, 'Yes', 3, 0, 'S11');
insert into Stage values(2018,3,1834, 'Yes', 2, 0, 'S11');
-- EP 4
insert into Stage values(2018,4,1841, 'Yes', 1, 0, 'S13');
insert into Stage values(2018,4,1842, 'Yes', 3, 0, 'S15');
insert into Stage values(2018,4,1843, 'Yes', 2, 0, 'S16');
insert into Stage values(2018,4,1844, 'Yes', 2, 0, 'S17');
-- EP 5
insert into Stage values(2018,5,1851, 'Yes', 2, 0, 'S18');
insert into Stage values(2018,5,1852, 'Yes', 1, 0, 'S19');
insert into Stage values(2018,5,1853, 'No', 4, 0, 'S20');
insert into Stage values(2018,5,1854, 'No', 2, 0, 'S21');
insert into Stage values(2018,5,1855, 'No', 3, 0, 'S22');
insert into Stage values(2018,5,1856, 'No', 2, 0, 'S24');
insert into Stage values(2018,5,1857, 'No', 4, 0, 'S25');
insert into Stage values(2018,5,1858, 'No', 3, 0, 'S26');
insert into Stage values(2018,5,1859, 'No', 3, 0, 'S27');
insert into Stage values(2018,5,18510, 'No', 2, 0, 'S28');
insert into Stage values(2018,5,18511, 'No', 1, 0, 'S29');
insert into Stage values(2018,5,18512, 'No', 3, 0, 'S30');

-- 2019 EP 1
insert into Stage values(2019,1,1911, 'No',2,0, 'S8');
insert into Stage values(2019,1,1912, 'No',2,0, 'S8');
insert into Stage values(2019,1,1913, 'No',2,0, 'S8');
insert into Stage values(2019,1,1914, 'No',2,0, 'S8');
insert into Stage values(2019,1,1915, 'No',2,0, 'S8');
insert into Stage values(2019,1,1916, 'No',2,0, 'S8');
insert into Stage values(2019,1,1917, 'No',2,0, 'S8');
insert into Stage values(2019,1,1918, 'No',2,0, 'S8');
insert into Stage values(2019,1,1919, 'No',2,0, 'S8');
insert into Stage values(2019,1,19110, 'No',2,0, 'S8');
insert into Stage values(2019,1,19111, 'No',2,0, 'S8');
insert into Stage values(2019,1,19112, 'No',2,0, 'S8');
insert into Stage values(2019,1,19113, 'No',2,0, 'S8');
insert into Stage values(2019,1,19114, 'No',2,0, 'S8');
insert into Stage values(2019,1,19115, 'No',2,0, 'S8');
insert into Stage values(2019,1,19116, 'No',2,0, 'S8');
insert into Stage values(2019,1,19117, 'No',2,0, 'S8');
insert into Stage values(2019,1,19118, 'No',2,0, 'S8');
insert into Stage values(2019,1,19119, 'No',2,0, 'S8');
insert into Stage values(2019,1,19120, 'No',2,0, 'S8');
insert into Stage values(2019,1,19121, 'No',2,0, 'S8');
insert into Stage values(2019,1,19122, 'No',2,0, 'S8');
insert into Stage values(2019,1,19123, 'No',2,0, 'S8');
insert into Stage values(2019,1,19124, 'No',2,0, 'S8');
insert into Stage values(2019,1,19125, 'No',2,0, 'S8');
insert into Stage values(2019,1,19126, 'No',2,0, 'S8');
insert into Stage values(2019,1,19127, 'No',2,0, 'S8');
insert into Stage values(2019,1,19128, 'No',2,0, 'S8');
insert into Stage values(2019,1,19129, 'No',2,0, 'S8');
insert into Stage values(2019,1,19130, 'No',2,0, 'S8');
insert into Stage values(2019,1,19131, 'No',2,0, 'S8');
insert into Stage values(2019,1,19132, 'No',2,0, 'S8');
insert into Stage values(2019,1,19133, 'No',2,0, 'S8');
insert into Stage values(2019,1,19134, 'No',2,0, 'S8');
insert into Stage values(2019,1,19135, 'No',2,0, 'S8');
insert into Stage values(2019,1,19136, 'No',2,0, 'S8');
insert into Stage values(2019,1,19137, 'No',2,0, 'S8');
insert into Stage values(2019,1,19138, 'No',2,0, 'S8');
insert into Stage values(2019,1,19139, 'No',2,0, 'S8');
insert into Stage values(2019,1,19140, 'No',2,0, 'S8');

-- EP 2
insert into Stage values(2019,2,1921, 'Yes',2, 0, 'S31');
insert into Stage values(2019,2,1922, 'Yes',3, 0, 'S32');
insert into Stage values(2019,2,1923, 'Yes',2, 0, 'S33');
insert into Stage values(2019,2,1924, 'Yes',2, 0, 'S34');
insert into Stage values(2019,2,1925, 'Yes',1, 0, 'S35');
insert into Stage values(2019,2,1926, 'Yes',1, 0, 'S36');
-- EP 3
insert into Stage values(2019,3,1931, 'Yes', 1, 0, 'S37');
insert into Stage values(2019,3,1932, 'Yes', 3, 0, 'S37');
insert into Stage values(2019,3,1933, 'Yes', 2, 0, 'S39');
insert into Stage values(2019,3,1934, 'Yes', 4, 0, 'S39');
-- EP 4
insert into Stage values(2019,4,1941, 'Yes', 1, 0, 'S41');
insert into Stage values(2019,4,1942, 'Yes', 3, 0, 'S42');
insert into Stage values(2019,4,1943, 'Yes', 1, 0, 'S43');
insert into Stage values(2019,4,1944, 'Yes', 2, 0, 'S44');
-- EP 5
insert into Stage values(2019,5,1951, 'Yes', 2, 0, 'S45');
insert into Stage values(2019,5,1952, 'Yes', 2, 0, 'S46');
insert into Stage values(2019,5,1953, 'No', 4, 0, 'S47');
insert into Stage values(2019,5,1954, 'No', 2, 0, 'S48');
insert into Stage values(2019,5,1955, 'No', 1, 0, 'S49');
insert into Stage values(2019,5,1956, 'No', 2, 0, 'S50');
insert into Stage values(2019,5,1957, 'No', 3, 0, 'S51');
insert into Stage values(2019,5,1958, 'No', 2, 0, 'S52');
insert into Stage values(2019,5,1959, 'No', 1, 0, 'S2');
insert into Stage values(2019,5,19510, 'No', 4, 0, 'S3');
insert into Stage values(2019,5,19511, 'No', 2, 0, 'S4');
insert into Stage values(2019,5,19512, 'No', 3, 0, 'S5');


-- 2020 EP 1
insert into Stage values(2020,1,2011, 'No',3,0, 'S14');
insert into Stage values(2020,1,2012, 'No',3,0, 'S14');
insert into Stage values(2020,1,2013, 'No',3,0, 'S14');
insert into Stage values(2020,1,2014, 'No',3,0, 'S14');
insert into Stage values(2020,1,2015, 'No',3,0, 'S14');
insert into Stage values(2020,1,2016, 'No',3,0, 'S14');
insert into Stage values(2020,1,2017, 'No',3,0, 'S14');
insert into Stage values(2020,1,2018, 'No',3,0, 'S14');
insert into Stage values(2020,1,2019, 'No',3,0, 'S14');
insert into Stage values(2020,1,20110, 'No',3,0, 'S14');
insert into Stage values(2020,1,20111, 'No',3,0, 'S14');
insert into Stage values(2020,1,20112, 'No',3,0, 'S14');
insert into Stage values(2020,1,20113, 'No',3,0, 'S14');
insert into Stage values(2020,1,20114, 'No',3,0, 'S14');
insert into Stage values(2020,1,20115, 'No',3,0, 'S14');
insert into Stage values(2020,1,20116, 'No',3,0, 'S14');
insert into Stage values(2020,1,20117, 'No',3,0, 'S14');
insert into Stage values(2020,1,20118, 'No',3,0, 'S14');
insert into Stage values(2020,1,20119, 'No',3,0, 'S14');
insert into Stage values(2020,1,20120, 'No',3,0, 'S14');
insert into Stage values(2020,1,20121, 'No',3,0, 'S14');
insert into Stage values(2020,1,20122, 'No',3,0, 'S14');
insert into Stage values(2020,1,20123, 'No',3,0, 'S14');
insert into Stage values(2020,1,20124, 'No',3,0, 'S14');
insert into Stage values(2020,1,20125, 'No',3,0, 'S14');
insert into Stage values(2020,1,20126, 'No',3,0, 'S14');
insert into Stage values(2020,1,20127, 'No',3,0, 'S14');
insert into Stage values(2020,1,20128, 'No',3,0, 'S14');
insert into Stage values(2020,1,20129, 'No',3,0, 'S14');
insert into Stage values(2020,1,20130, 'No',3,0, 'S14');
insert into Stage values(2020,1,20131, 'No',3,0, 'S14');
insert into Stage values(2020,1,20132, 'No',3,0, 'S14');
insert into Stage values(2020,1,20133, 'No',3,0, 'S14');
insert into Stage values(2020,1,20134, 'No',3,0, 'S14');
insert into Stage values(2020,1,20135, 'No',3,0, 'S14');
insert into Stage values(2020,1,20136, 'No',3,0, 'S14');
insert into Stage values(2020,1,20137, 'No',3,0, 'S14');
insert into Stage values(2020,1,20138, 'No',3,0, 'S14');
insert into Stage values(2020,1,20139, 'No',3,0, 'S14');
insert into Stage values(2020,1,20140, 'No',3,0, 'S14');

-- EP 2
insert into Stage values(2020,2,2021, 'Yes',2, 0, 'S6');
insert into Stage values(2020,2,2022, 'Yes',3, 0, 'S7');
insert into Stage values(2020,2,2023, 'Yes',1, 0, 'S9');
insert into Stage values(2020,2,2024, 'Yes',1, 0, 'S11');
insert into Stage values(2020,2,2025, 'Yes',2, 0, 'S12');
insert into Stage values(2020,2,2026, 'Yes',3, 0, 'S13');
-- EP 3
insert into Stage values(2020,3,2031, 'Yes', 3, 0, 'S15');
insert into Stage values(2020,3,2032, 'Yes', 2, 0, 'S15');
insert into Stage values(2020,3,2033, 'Yes', 1, 0, 'S17');
insert into Stage values(2020,3,2034, 'Yes', 4, 0, 'S17');

-- EP 4
insert into Stage values(2020,4,2041, 'Yes', 4, 0, 'S19');
insert into Stage values(2020,4,2042, 'Yes', 4, 0, 'S20');
insert into Stage values(2020,4,2043, 'Yes', 1, 0, 'S21');
insert into Stage values(2020,4,2044, 'Yes', 2, 0, 'S22');
-- EP 5
insert into Stage values(2020,5,2051, 'Yes', 2, 0, 'S23');
insert into Stage values(2020,5,2052, 'Yes', 4, 0, 'S24');
insert into Stage values(2020,5,2053, 'No', 4, 0, 'S25');
insert into Stage values(2020,5,2054, 'No', 2, 0, 'S26');
insert into Stage values(2020,5,2055, 'No', 1, 0, 'S27');
insert into Stage values(2020,5,2056, 'No', 3, 0, 'S28');
insert into Stage values(2020,5,2057, 'No', 1, 0, 'S29');
insert into Stage values(2020,5,2058, 'No', 1, 0, 'S30');
insert into Stage values(2020,5,2059, 'No', 4, 0, 'S31');
insert into Stage values(2020,5,20510, 'No', 1, 0, 'S32');
insert into Stage values(2020,5,20511, 'No', 2, 0, 'S33');
insert into Stage values(2020,5,20512, 'No', 3, 0, 'S34');

-- 2021 EP 1
insert into Stage values(2021,1,2111, 'No',4,0, 'S23');
insert into Stage values(2021,1,2112, 'No',4,0, 'S23');
insert into Stage values(2021,1,2113, 'No',4,0, 'S23');
insert into Stage values(2021,1,2114, 'No',4,0, 'S23');
insert into Stage values(2021,1,2115, 'No',4,0, 'S23');
insert into Stage values(2021,1,2116, 'No',4,0, 'S23');
insert into Stage values(2021,1,2117, 'No',4,0, 'S23');
insert into Stage values(2021,1,2118, 'No',4,0, 'S23');
insert into Stage values(2021,1,2119, 'No',4,0, 'S23');
insert into Stage values(2021,1,21110, 'No',4,0, 'S23');
insert into Stage values(2021,1,21111, 'No',4,0, 'S23');
insert into Stage values(2021,1,21112, 'No',4,0, 'S23');
insert into Stage values(2021,1,21113, 'No',4,0, 'S23');
insert into Stage values(2021,1,21114, 'No',4,0, 'S23');
insert into Stage values(2021,1,21115, 'No',4,0, 'S23');
insert into Stage values(2021,1,21116, 'No',4,0, 'S23');
insert into Stage values(2021,1,21117, 'No',4,0, 'S23');
insert into Stage values(2021,1,21118, 'No',4,0, 'S23');
insert into Stage values(2021,1,21119, 'No',4,0, 'S23');
insert into Stage values(2021,1,21120, 'No',4,0, 'S23');
insert into Stage values(2021,1,21121, 'No',4,0, 'S23');
insert into Stage values(2021,1,21122, 'No',4,0, 'S23');
insert into Stage values(2021,1,21123, 'No',4,0, 'S23');
insert into Stage values(2021,1,21124, 'No',4,0, 'S23');
insert into Stage values(2021,1,21125, 'No',4,0, 'S23');
insert into Stage values(2021,1,21126, 'No',4,0, 'S23');
insert into Stage values(2021,1,21127, 'No',4,0, 'S23');
insert into Stage values(2021,1,21128, 'No',4,0, 'S23');
insert into Stage values(2021,1,21129, 'No',4,0, 'S23');
insert into Stage values(2021,1,21130, 'No',4,0, 'S23');
insert into Stage values(2021,1,21131, 'No',4,0, 'S23');
insert into Stage values(2021,1,21132, 'No',4,0, 'S23');
insert into Stage values(2021,1,21133, 'No',4,0, 'S23');
insert into Stage values(2021,1,21134, 'No',4,0, 'S23');
insert into Stage values(2021,1,21135, 'No',4,0, 'S23');
insert into Stage values(2021,1,21136, 'No',4,0, 'S23');
insert into Stage values(2021,1,21137, 'No',4,0, 'S23');
insert into Stage values(2021,1,21138, 'No',4,0, 'S23');
insert into Stage values(2021,1,21139, 'No',4,0, 'S23');
insert into Stage values(2021,1,21140, 'No',4,0, 'S23');

-- EP 2
insert into Stage values(2021,2,2121, 'Yes',2, 0, 'S35');
insert into Stage values(2021,2,2122, 'Yes',3, 0, 'S36');
insert into Stage values(2021,2,2123, 'Yes',1, 0, 'S37');
insert into Stage values(2021,2,2124, 'Yes',3, 0, 'S38');
insert into Stage values(2021,2,2125, 'Yes',2, 0, 'S39');
insert into Stage values(2021,2,2126, 'Yes',1, 0, 'S40');
-- EP 3
insert into Stage values(2021,3,2131, 'Yes', 4, 0, 'S41');
insert into Stage values(2021,3,2132, 'Yes', 1, 0, 'S41');
insert into Stage values(2021,3,2133, 'Yes', 3, 0, 'S43');
insert into Stage values(2021,3,2134, 'Yes', 2, 0, 'S43');
commit;

-- EP 4
insert into Stage values(2021,4,2141, 'Yes', 1, 0, 'S45');
insert into Stage values(2021,4,2142, 'Yes', 3, 0, 'S46');
insert into Stage values(2021,4,2143, 'Yes', 2, 0, 'S47');
insert into Stage values(2021,4,2144, 'Yes', 4, 0, 'S48');
-- EP 5
insert into Stage values(2021,5,2151, 'Yes', 2, 0, 'S49');
insert into Stage values(2021,5,2152, 'Yes', 2, 0, 'S50');
insert into Stage values(2021,5,2153, 'No', 3, 0, 'S51');
insert into Stage values(2021,5,2154, 'No', 1, 0, 'S52');
insert into Stage values(2021,5,2155, 'No', 3, 0, 'S2');
insert into Stage values(2021,5,2156, 'No', 3, 0, 'S3');
insert into Stage values(2021,5,2157, 'No', 4, 0, 'S4');
insert into Stage values(2021,5,2158, 'No', 3, 0, 'S5');
insert into Stage values(2021,5,2159, 'No', 2, 0, 'S6');
insert into Stage values(2021,5,21510, 'No', 4, 0, 'S7');
insert into Stage values(2021,5,21511, 'No', 4, 0, 'S9');
insert into Stage values(2021,5,21512, 'No', 1, 0, 'S10');
commit;
-- StageIncludeTrainee
-- 2018 EP 1
insert into StageIncludeTrainee values(2018,1,1811, '629084856384', 1, null);
insert into StageIncludeTrainee values(2018,1,1812, '232456404174', 1, null);
insert into StageIncludeTrainee values(2018,1,1813, '588367200110', 1, null);
insert into StageIncludeTrainee values(2018,1,1814, '588363130110', 1, null);
insert into StageIncludeTrainee values(2018,1,1815, '588363400120', 1, null);
insert into StageIncludeTrainee values(2018,1,1816, '588363400167', 1, null);
insert into StageIncludeTrainee values(2018,1,1817, '588361200167', 1, null);
insert into StageIncludeTrainee values(2018,1,1818, '128361200167', 1, null);
insert into StageIncludeTrainee values(2018,1,1819, '238361200167', 1, null);
insert into StageIncludeTrainee values(2018,1,18110,'348361200167', 1, null);
insert into StageIncludeTrainee values(2018,1,18111,'458361200167', 1, null);
insert into StageIncludeTrainee values(2018,1,18112,'568361200167', 1, null);
insert into StageIncludeTrainee values(2018,1,18113,'568361204367', 1, null);
insert into StageIncludeTrainee values(2018,1,18114,'678361200167', 1, null);
insert into StageIncludeTrainee values(2018,1,18115,'788361200167', 1, null);
insert into StageIncludeTrainee values(2018,1,18116, '898361200167', 1, null);
insert into StageIncludeTrainee values(2018,1,18117, '899361200167', 1, null);
insert into StageIncludeTrainee values(2018,1,18118, '899360200178', 1, null);
insert into StageIncludeTrainee values(2018,1,18119, '899360200189', 1, null);
insert into StageIncludeTrainee values(2018,1,18120, '899360201189', 1, null);
insert into StageIncludeTrainee values(2018,1,18121, '899380201189', 1, null);
insert into StageIncludeTrainee values(2018,1,18122, '899380201389', 1, null);
insert into StageIncludeTrainee values(2018,1,18123, '899380201499', 1, null);
insert into StageIncludeTrainee values(2018,1,18124, '899380202599', 1, null);
insert into StageIncludeTrainee values(2018,1,18125, '899381302599', 1, null);
insert into StageIncludeTrainee values(2018,1,18126, '890481302599', 1, null);
insert into StageIncludeTrainee values(2018,1,18127, '890591302599', 1, null);
insert into StageIncludeTrainee values(2018,1,18128, '890591302609', 1, null);
insert into StageIncludeTrainee values(2018,1,18129, '890591303609', 1, null);
insert into StageIncludeTrainee values(2018,1,18130, '890591314609', 1, null);
insert into StageIncludeTrainee values(2018,1,18131, '890502314609', 1, null);
insert into StageIncludeTrainee values(2018,1,18132, '891602314609', 1, null);
insert into StageIncludeTrainee values(2018,1,18133, '891602325609', 1, null);
insert into StageIncludeTrainee values(2018,1,18134, '891603425609', 1, null);
insert into StageIncludeTrainee values(2018,1,18135, '891603535609', 1, null);
insert into StageIncludeTrainee values(2018,1,18136, '891603536709', 1, null);
insert into StageIncludeTrainee values(2018,1,18137, '891603538909', 1, null);
insert into StageIncludeTrainee values(2018,1,18138, '891603648909', 1, null);
insert into StageIncludeTrainee values(2018,1,18139, '891713648909', 1, null);
insert into StageIncludeTrainee values(2018,1,18140, '891713758909', 1, null);

-- EP 2
insert into StageIncludeTrainee values(2018,2,1821, '629084856384', 1, 301);
insert into StageIncludeTrainee values(2018,2,1821, '232456404174', 1, 220);
insert into StageIncludeTrainee values(2018,2,1821, '588367200110', 1, 239);
insert into StageIncludeTrainee values(2018,2,1821, '588363130110', 2, 230);
insert into StageIncludeTrainee values(2018,2,1821, '588363400120', 3, 270);

insert into StageIncludeTrainee values(2018,2,1822, '588363400167', 1, 292);
insert into StageIncludeTrainee values(2018,2,1822, '588361200167', 2, 320);
insert into StageIncludeTrainee values(2018,2,1822, '128361200167', 3, 290);
insert into StageIncludeTrainee values(2018,2,1822, '238361200167', 1, 400);
insert into StageIncludeTrainee values(2018,2,1822, '348361200167', 1, 280);

insert into StageIncludeTrainee values(2018,2,1823, '458361200167', 2, 103);
insert into StageIncludeTrainee values(2018,2,1823, '568361200167', 1, 20);
insert into StageIncludeTrainee values(2018,2,1823, '568361204367', 3, 192);
insert into StageIncludeTrainee values(2018,2,1823, '678361200167', 1, 123);
insert into StageIncludeTrainee values(2018,2,1823, '788361200167', 1, 118);

insert into StageIncludeTrainee values(2018,2,1824, '898361200167', 1, 184);
insert into StageIncludeTrainee values(2018,2,1824, '899361200167', 2, 197);
insert into StageIncludeTrainee values(2018,2,1824, '899360200178', 1, 32);
insert into StageIncludeTrainee values(2018,2,1824, '899360200189', 1, 23);
insert into StageIncludeTrainee values(2018,2,1824, '899360201189', 3, 145);

insert into StageIncludeTrainee values(2018,2,1825, '890502314609', 1, 335);
insert into StageIncludeTrainee values(2018,2,1825, '891602314609', 3, 456);
insert into StageIncludeTrainee values(2018,2,1825, '891602325609', 2, 325);
insert into StageIncludeTrainee values(2018,2,1825, '891603425609', 1, 256);
insert into StageIncludeTrainee values(2018,2,1825, '891603535609', 1, 289);

insert into StageIncludeTrainee values(2018,2,1826, '891603536709', 3, 216);
insert into StageIncludeTrainee values(2018,2,1826, '891603538909', 2, 249);
insert into StageIncludeTrainee values(2018,2,1826, '891603648909', 1, 245);
insert into StageIncludeTrainee values(2018,2,1826, '891713648909', 1, 398);
insert into StageIncludeTrainee values(2018,2,1826, '891713758909', 1, 421);


-- EP 3
insert into StageIncludeTrainee values(2018,3,1831, '629084856384', 1, 348);
insert into StageIncludeTrainee values(2018,3,1831, '232456404174', 1, 376);
insert into StageIncludeTrainee values(2018,3,1831, '588367200110', 2, 464);
insert into StageIncludeTrainee values(2018,3,1831, '890502314609', 1, 313);
insert into StageIncludeTrainee values(2018,3,1831, '891602314609', 3, 351);

insert into StageIncludeTrainee values(2018,3,1832, '588363130110', 2, 346);
insert into StageIncludeTrainee values(2018,3,1832, '588363400120', 1, 331);
insert into StageIncludeTrainee values(2018,3,1832, '891602325609', 1, 322);
insert into StageIncludeTrainee values(2018,3,1832, '891603425609', 1, 334);
insert into StageIncludeTrainee values(2018,3,1832, '891603535609', 3, 460);

insert into StageIncludeTrainee values(2018,3,1833, '588363400167', 1, 267);
insert into StageIncludeTrainee values(2018,3,1833, '588361200167', 2, 228);
insert into StageIncludeTrainee values(2018,3,1833, '891603536709', 3, 276);
insert into StageIncludeTrainee values(2018,3,1833, '891603538909', 1, 128);
insert into StageIncludeTrainee values(2018,3,1833, '891603648909', 1, 27);

insert into StageIncludeTrainee values(2018,3,1834, '128361200167', 1, 243);
insert into StageIncludeTrainee values(2018,3,1834, '238361200167', 1, 229);
insert into StageIncludeTrainee values(2018,3,1834, '348361200167', 1, 214);
insert into StageIncludeTrainee values(2018,3,1834, '891713648909', 2, 179);
insert into StageIncludeTrainee values(2018,3,1834, '891713758909', 3, 198);

-- EP 4
insert into StageIncludeTrainee values(2018,4,1841, '629084856384', 2, 311);
insert into StageIncludeTrainee values(2018,4,1841, '232456404174', 3, 431);
insert into StageIncludeTrainee values(2018,4,1841, '128361200167', 1, 441);
insert into StageIncludeTrainee values(2018,4,1841, '891603425609', 1, 114);

insert into StageIncludeTrainee values(2018,4,1842, '588367200110', 1, 350);
insert into StageIncludeTrainee values(2018,4,1842, '588363400167', 2, 356);
insert into StageIncludeTrainee values(2018,4,1842, '238361200167', 3, 311);
insert into StageIncludeTrainee values(2018,4,1842, '891602314609', 1, 147);

insert into StageIncludeTrainee values(2018,4,1843, '588361200167', 3, 311);
insert into StageIncludeTrainee values(2018,4,1843, '588363130110', 1, 465);
insert into StageIncludeTrainee values(2018,4,1843, '890502314609', 1, 143);
insert into StageIncludeTrainee values(2018,4,1843, '891602325609', 2, 100);

insert into StageIncludeTrainee values(2018,4,1844, '588363400120', 1, 415);
insert into StageIncludeTrainee values(2018,4,1844, '348361200167', 1, 390);
insert into StageIncludeTrainee values(2018,4,1844, '891603535609', 3, 185);
insert into StageIncludeTrainee values(2018,4,1844, '891603536709', 2, 99);

-- EP 5
insert into StageIncludeTrainee values(2018,5,1851, '629084856384', 1, null);
insert into StageIncludeTrainee values(2018,5,1851, '232456404174', 3, null);
insert into StageIncludeTrainee values(2018,5,1851, '128361200167', 2, null);
insert into StageIncludeTrainee values(2018,5,1851, '588367200110', 1, null);
insert into StageIncludeTrainee values(2018,5,1851, '588363400167', 1, null);
insert into StageIncludeTrainee values(2018,5,1852, '588361200167', 1, null);
insert into StageIncludeTrainee values(2018,5,1852, '238361200167', 1, null);
insert into StageIncludeTrainee values(2018,5,1852, '588363130110', 2, null);
insert into StageIncludeTrainee values(2018,5,1852, '588363400120', 1, null);
insert into StageIncludeTrainee values(2018,5,1852, '348361200167', 3, null);

insert into StageIncludeTrainee values(2018,5,1853, '629084856384', 1, 243);
insert into StageIncludeTrainee values(2018,5,1854, '232456404174', 3, 156);
insert into StageIncludeTrainee values(2018,5,1855, '128361200167', 2, 187);
insert into StageIncludeTrainee values(2018,5,1856, '588367200110', 1, 143);
insert into StageIncludeTrainee values(2018,5,1857, '588363400167', 1, 133);

insert into StageIncludeTrainee values(2018,5,1858, '588361200167', 1, 123);
insert into StageIncludeTrainee values(2018,5,1859, '238361200167', 1, 345);
insert into StageIncludeTrainee values(2018,5,18510,'588363130110', 2, 340);
insert into StageIncludeTrainee values(2018,5,18511,'588363400120', 1, 432);
insert into StageIncludeTrainee values(2018,5,18512,'348361200167', 3, 451);

-- 2019
-- Ep 1
insert into StageIncludeTrainee values(2019,1,1911, '891713769909', 1, null);
insert into StageIncludeTrainee values(2019,1,1912, '891735769909', 1, null);
insert into StageIncludeTrainee values(2019,1,1913, '832735769909', 1, null);
insert into StageIncludeTrainee values(2019,1,1914, '832735769709', 1, null);
insert into StageIncludeTrainee values(2019,1,1915, '732735769709', 1, null);
insert into StageIncludeTrainee values(2019,1,1916, '732735769819', 1, null);
insert into StageIncludeTrainee values(2019,1,1917, '732825769819', 1, null);
insert into StageIncludeTrainee values(2019,1,1918, '732825769439', 1, null);
insert into StageIncludeTrainee values(2019,1,1919, '775825769439', 1, null);
insert into StageIncludeTrainee values(2019,1,19110,'723825769439', 1, null);
insert into StageIncludeTrainee values(2019,1,19111,'723825769529', 1, null);
insert into StageIncludeTrainee values(2019,1,19112,'724325769529', 1, null);
insert into StageIncludeTrainee values(2019,1,19113,'724325769523', 1, null);
insert into StageIncludeTrainee values(2019,1,19114,'588367206510', 1, null);
insert into StageIncludeTrainee values(2019,1,19115,'585463130110', 1, null);
insert into StageIncludeTrainee values(2019,1,19116,'588363400230', 1, null);
insert into StageIncludeTrainee values(2019,1,19117,'582363400167', 1, null);
insert into StageIncludeTrainee values(2019,1,19118,'232361200167', 1, null);
insert into StageIncludeTrainee values(2019,1,19119,'128361209867', 1, null);
insert into StageIncludeTrainee values(2019,1,19120,'238361299167', 1, null);
insert into StageIncludeTrainee values(2019,1,19121,'899380201189', 1, null);
insert into StageIncludeTrainee values(2019,1,19122,'899380201389', 1, null);
insert into StageIncludeTrainee values(2019,1,19123,'899380201499', 1, null);
insert into StageIncludeTrainee values(2019,1,19124,'899380202599', 1, null);
insert into StageIncludeTrainee values(2019,1,19125,'899381302599', 1, null);
insert into StageIncludeTrainee values(2019,1,19126,'890481302599', 1, null);
insert into StageIncludeTrainee values(2019,1,19127,'890591302599', 1, null);
insert into StageIncludeTrainee values(2019,1,19128,'890591302609', 1, null);
insert into StageIncludeTrainee values(2019,1,19129,'890591303609', 1, null);
insert into StageIncludeTrainee values(2019,1,19130,'890591314609', 1, null);
insert into StageIncludeTrainee values(2019,1,19131,'890502314609', 1, null);
insert into StageIncludeTrainee values(2019,1,19132,'891602314609', 1, null);
insert into StageIncludeTrainee values(2019,1,19133,'891602325609', 1, null);
insert into StageIncludeTrainee values(2019,1,19134,'891603425609', 1, null);
insert into StageIncludeTrainee values(2019,1,19135,'891603535609', 1, null);
insert into StageIncludeTrainee values(2019,1,19136,'891603536709', 1, null);
insert into StageIncludeTrainee values(2019,1,19137,'891603538909', 1, null);
insert into StageIncludeTrainee values(2019,1,19138,'891603648909', 1, null);
insert into StageIncludeTrainee values(2019,1,19139,'891713648909', 1, null);
insert into StageIncludeTrainee values(2019,1,19140,'891713758909', 1, null);

-- EP 2
insert into StageIncludeTrainee values(2019,2,1921, '723825769529', 2, 301);
insert into StageIncludeTrainee values(2019,2,1921, '724325769529', 1, 313);
insert into StageIncludeTrainee values(2019,2,1921, '724325769523', 3, 339);
insert into StageIncludeTrainee values(2019,2,1921, '588367206510', 1, 409);
insert into StageIncludeTrainee values(2019,2,1921, '585463130110', 1, 380);

insert into StageIncludeTrainee values(2019,2,1922, '588363400230', 2, 362);
insert into StageIncludeTrainee values(2019,2,1922, '582363400167', 1, 415);
insert into StageIncludeTrainee values(2019,2,1922, '232361200167', 3, 372);
insert into StageIncludeTrainee values(2019,2,1922, '128361209867', 1, 300);
insert into StageIncludeTrainee values(2019,2,1922, '238361299167', 1, 322);

insert into StageIncludeTrainee values(2019,2,1923, '899380201189', 1, 123);
insert into StageIncludeTrainee values(2019,2,1923, '899380201389', 1, 55);
insert into StageIncludeTrainee values(2019,2,1923, '899380201499', 3, 101);
insert into StageIncludeTrainee values(2019,2,1923, '899380202599', 2, 159);
insert into StageIncludeTrainee values(2019,2,1923, '899381302599', 1, 129);

insert into StageIncludeTrainee values(2019,2,1924, '890481302599', 1, 184);
insert into StageIncludeTrainee values(2019,2,1924, '890591302599', 1, 107);
insert into StageIncludeTrainee values(2019,2,1924, '890591302609', 3, 152);
insert into StageIncludeTrainee values(2019,2,1924, '890591303609', 2, 171);
insert into StageIncludeTrainee values(2019,2,1924, '890591314609', 1, 11);

insert into StageIncludeTrainee values(2019,2,1925, '890502314609', 1, 315);
insert into StageIncludeTrainee values(2019,2,1925, '891602314609', 1, 451);
insert into StageIncludeTrainee values(2019,2,1925, '891602325609', 1, 276);
insert into StageIncludeTrainee values(2019,2,1925, '891603425609', 2, 444);
insert into StageIncludeTrainee values(2019,2,1925, '891603535609', 3, 389);

insert into StageIncludeTrainee values(2019,2,1926, '891603536709', 1, 216);
insert into StageIncludeTrainee values(2019,2,1926, '891603538909', 1, 422);
insert into StageIncludeTrainee values(2019,2,1926, '891603648909', 1, 244);
insert into StageIncludeTrainee values(2019,2,1926, '891713648909', 2, 278);
insert into StageIncludeTrainee values(2019,2,1926, '891713758909', 3, 201);

-- EP 3
insert into StageIncludeTrainee values(2019,3,1931, '723825769529', 1, 321);
insert into StageIncludeTrainee values(2019,3,1931, '724325769529', 1, 422);
insert into StageIncludeTrainee values(2019,3,1931, '890502314609', 2, 341);
insert into StageIncludeTrainee values(2019,3,1931, '891602314609', 1, 301);
insert into StageIncludeTrainee values(2019,3,1931, '891602325609', 3, 442);

insert into StageIncludeTrainee values(2019,3,1932, '724325769523', 1, 372);
insert into StageIncludeTrainee values(2019,3,1932, '588367206510', 1, 455);
insert into StageIncludeTrainee values(2019,3,1932, '891603425609', 2, 343);
insert into StageIncludeTrainee values(2019,3,1932, '891603535609', 1, 330);
insert into StageIncludeTrainee values(2019,3,1932, '891603536709', 3, 369);

insert into StageIncludeTrainee values(2019,3,1933, '585463130110', 1, 283);
insert into StageIncludeTrainee values(2019,3,1933, '588363400230', 2, 227);
insert into StageIncludeTrainee values(2019,3,1933, '582363400167', 1, 226);
insert into StageIncludeTrainee values(2019,3,1933, '891603538909', 3, 118);
insert into StageIncludeTrainee values(2019,3,1933, '891603648909', 1, 197);

insert into StageIncludeTrainee values(2019,3,1934, '232361200167', 1, 284);
insert into StageIncludeTrainee values(2019,3,1934, '128361209867', 1, 227);
insert into StageIncludeTrainee values(2019,3,1934, '238361299167', 1, 194);
insert into StageIncludeTrainee values(2019,3,1934, '891713648909', 2, 158);
insert into StageIncludeTrainee values(2019,3,1934, '891713758909', 3, 153);

-- EP 4
insert into StageIncludeTrainee values(2019,4,1941, '723825769529', 1, 311);
insert into StageIncludeTrainee values(2019,4,1941, '724325769523', 1, 441);
insert into StageIncludeTrainee values(2019,4,1941, '585463130110', 3, 347);
insert into StageIncludeTrainee values(2019,4,1941, '232361200167', 2, 443);

insert into StageIncludeTrainee values(2019,4,1942, '724325769529', 3, 422);
insert into StageIncludeTrainee values(2019,4,1942, '588367206510', 2, 356);
insert into StageIncludeTrainee values(2019,4,1942, '588363400230', 1, 311);
insert into StageIncludeTrainee values(2019,4,1942, '128361209867', 1, 447);

insert into StageIncludeTrainee values(2019,4,1943, '582363400167', 3, 423);
insert into StageIncludeTrainee values(2019,4,1943, '890502314609', 1, 15);
insert into StageIncludeTrainee values(2019,4,1943, '891602314609', 1, 24);
insert into StageIncludeTrainee values(2019,4,1943, '891602325609', 2, 120);

insert into StageIncludeTrainee values(2019,4,1944, '238361299167', 1, 414);
insert into StageIncludeTrainee values(2019,4,1944, '891603425609', 1, 220);
insert into StageIncludeTrainee values(2019,4,1944, '891603535609', 3, 85);
insert into StageIncludeTrainee values(2019,4,1944, '891603536709', 2, 199);

-- EP 5
insert into StageIncludeTrainee values(2019,5,1951, '723825769529', 1, null);
insert into StageIncludeTrainee values(2019,5,1951, '724325769523', 3, null);
insert into StageIncludeTrainee values(2019,5,1951, '585463130110', 1, null);
insert into StageIncludeTrainee values(2019,5,1951, '232361200167', 2, null);
insert into StageIncludeTrainee values(2019,5,1951, '724325769529', 1, null);

insert into StageIncludeTrainee values(2019,5,1952, '588367206510', 1, null);
insert into StageIncludeTrainee values(2019,5,1952, '588363400230', 1, null);
insert into StageIncludeTrainee values(2019,5,1952, '128361209867', 3, null);
insert into StageIncludeTrainee values(2019,5,1952, '582363400167', 1, null);
insert into StageIncludeTrainee values(2019,5,1952, '238361299167', 2, null);

insert into StageIncludeTrainee values(2019,5,1953, '723825769529', 1, 413);
insert into StageIncludeTrainee values(2019,5,1954, '585463130110', 1, 226);
insert into StageIncludeTrainee values(2019,5,1955, '128361209867', 3, 317);
insert into StageIncludeTrainee values(2019,5,1956, '588363400230', 1, 253);
insert into StageIncludeTrainee values(2019,5,1957, '238361299167', 2, 323);

insert into StageIncludeTrainee values(2019,5,1958, '588367206510', 1, 113);
insert into StageIncludeTrainee values(2019,5,1959, '724325769523', 3, 215);
insert into StageIncludeTrainee values(2019,5,19510, '582363400167', 1, 241);
insert into StageIncludeTrainee values(2019,5,19511, '232361200167', 2, 365);
insert into StageIncludeTrainee values(2019,5,19512, '724325769529', 1, 469);

-- 2020 EP 1
insert into StageIncludeTrainee values(2020,1,2011, '348771200167', 1, null);
insert into StageIncludeTrainee values(2020,1,2012, '458661200167', 1, null);
insert into StageIncludeTrainee values(2020,1,2013, '568361206567', 1, null);
insert into StageIncludeTrainee values(2020,1,2014, '568361212167', 1, null);
insert into StageIncludeTrainee values(2020,1,2015, '678361298167', 1, null);
insert into StageIncludeTrainee values(2020,1,2016, '788361980167', 1, null);
insert into StageIncludeTrainee values(2020,1,2017, '823361200167', 1, null);
insert into StageIncludeTrainee values(2020,1,2018, '899231200167', 1, null);
insert into StageIncludeTrainee values(2020,1,2019, '779360200178', 1, null);
insert into StageIncludeTrainee values(2020,1,20110,'899360208889', 1, null);
insert into StageIncludeTrainee values(2020,1,20111,'439360201189', 1, null);
insert into StageIncludeTrainee values(2020,1,20112,'895580201189', 1, null);
insert into StageIncludeTrainee values(2020,1,20113,'899398201389', 1, null);
insert into StageIncludeTrainee values(2020,1,20114,'899323201499', 1, null);
insert into StageIncludeTrainee values(2020,1,20115,'899380267599', 1, null);
insert into StageIncludeTrainee values(2020,1,20116,'892381302599', 1, null);
insert into StageIncludeTrainee values(2020,1,20117,'890481303499', 1, null);
insert into StageIncludeTrainee values(2020,1,20118,'890231302599', 1, null);
insert into StageIncludeTrainee values(2020,1,20119,'320591302609', 1, null);
insert into StageIncludeTrainee values(2020,1,20120,'890231303609', 1, null);
insert into StageIncludeTrainee values(2020,1,20121,'891713769909', 1, null);
insert into StageIncludeTrainee values(2020,1,20122,'891735769909', 1, null);
insert into StageIncludeTrainee values(2020,1,20123,'832735769909', 1, null);
insert into StageIncludeTrainee values(2020,1,20124,'832735769709', 1, null);
insert into StageIncludeTrainee values(2020,1,20125,'732735769709', 1, null);
insert into StageIncludeTrainee values(2020,1,20126,'732735769819', 1, null);
insert into StageIncludeTrainee values(2020,1,20127,'732825769819', 1, null);
insert into StageIncludeTrainee values(2020,1,20128,'732825769439', 1, null);
insert into StageIncludeTrainee values(2020,1,20129,'775825769439', 1, null);
insert into StageIncludeTrainee values(2020,1,20130,'723825769439', 1, null);
insert into StageIncludeTrainee values(2020,1,20131,'890502314609', 1, null);
insert into StageIncludeTrainee values(2020,1,20132,'891602314609', 1, null);
insert into StageIncludeTrainee values(2020,1,20133,'891602325609', 1, null);
insert into StageIncludeTrainee values(2020,1,20134,'891603425609', 1, null);
insert into StageIncludeTrainee values(2020,1,20135,'891603535609', 1, null);
insert into StageIncludeTrainee values(2020,1,20136,'891603536709', 1, null);
insert into StageIncludeTrainee values(2020,1,20137,'891603538909', 1, null);
insert into StageIncludeTrainee values(2020,1,20138,'891603648909', 1, null);
insert into StageIncludeTrainee values(2020,1,20139,'891713648909', 1, null);
insert into StageIncludeTrainee values(2020,1,20140,'891713758909', 1, null);

-- EP 2
insert into StageIncludeTrainee values(2020,2,2021, '348771200167', 1, 105);
insert into StageIncludeTrainee values(2020,2,2021, '458661200167', 2, 311);
insert into StageIncludeTrainee values(2020,2,2021, '568361206567', 3, 219);
insert into StageIncludeTrainee values(2020,2,2021, '568361212167', 1, 39);
insert into StageIncludeTrainee values(2020,2,2021, '678361298167', 1, 180);

insert into StageIncludeTrainee values(2020,2,2022, '788361980167', 1, 494);
insert into StageIncludeTrainee values(2020,2,2022, '823361200167', 3, 114);
insert into StageIncludeTrainee values(2020,2,2022, '899231200167', 1, 276);
insert into StageIncludeTrainee values(2020,2,2022, '779360200178', 1, 151);
insert into StageIncludeTrainee values(2020,2,2022, '899360208889', 2, 289);

insert into StageIncludeTrainee values(2020,2,2023, '891713769909', 1, 211);
insert into StageIncludeTrainee values(2020,2,2023, '891735769909', 1, 385);
insert into StageIncludeTrainee values(2020,2,2023, '832735769909', 1, 39);
insert into StageIncludeTrainee values(2020,2,2023, '832735769709', 2, 259);
insert into StageIncludeTrainee values(2020,2,2023, '732735769709', 3, 40);

insert into StageIncludeTrainee values(2020,2,2024, '732735769819', 3, 349);
insert into StageIncludeTrainee values(2020,2,2024, '732825769819', 1, 207);
insert into StageIncludeTrainee values(2020,2,2024, '732825769439', 1, 152);
insert into StageIncludeTrainee values(2020,2,2024, '775825769439', 1, 411);
insert into StageIncludeTrainee values(2020,2,2024, '723825769439', 2, 291);

insert into StageIncludeTrainee values(2020,2,2025, '890502314609', 1, 310);
insert into StageIncludeTrainee values(2020,2,2025, '891602314609', 1, 451);
insert into StageIncludeTrainee values(2020,2,2025, '891602325609', 1, 276);
insert into StageIncludeTrainee values(2020,2,2025, '891603425609', 2, 444);
insert into StageIncludeTrainee values(2020,2,2025, '891603535609', 3, 389);

insert into StageIncludeTrainee values(2020,2,2026, '891603536709', 1, 213);
insert into StageIncludeTrainee values(2020,2,2026, '891603538909', 1, 422);
insert into StageIncludeTrainee values(2020,2,2026, '891603648909', 1, 144);
insert into StageIncludeTrainee values(2020,2,2026, '891713648909', 2, 78);
insert into StageIncludeTrainee values(2020,2,2026, '891713758909', 3, 101);

-- EP 3
insert into StageIncludeTrainee values(2020,3,2031, '348771200167', 1, 381);
insert into StageIncludeTrainee values(2020,3,2031, '458661200167', 1, 422);
insert into StageIncludeTrainee values(2020,3,2031, '891713769909', 1, 379);
insert into StageIncludeTrainee values(2020,3,2031, '732735769819', 2, 311);
insert into StageIncludeTrainee values(2020,3,2031, '890502314609', 3, 435);

insert into StageIncludeTrainee values(2020,3,2032, '568361206567', 2, 222);
insert into StageIncludeTrainee values(2020,3,2032, '568361212167', 3, 225);
insert into StageIncludeTrainee values(2020,3,2032, '678361298167', 1, 243);
insert into StageIncludeTrainee values(2020,3,2032, '891735769909', 1, 120);
insert into StageIncludeTrainee values(2020,3,2032, '732825769819', 1, 146);

insert into StageIncludeTrainee values(2020,3,2033, '788361980167', 1, 383);
insert into StageIncludeTrainee values(2020,3,2033, '823361200167', 1, 424);
insert into StageIncludeTrainee values(2020,3,2033, '832735769909', 1, 394);
insert into StageIncludeTrainee values(2020,3,2033, '891602314609', 3, 419);
insert into StageIncludeTrainee values(2020,3,2033, '891603536709', 2, 363);

insert into StageIncludeTrainee values(2020,3,2034, '899231200167', 1, 284);
insert into StageIncludeTrainee values(2020,3,2034, '779360200178', 1, 227);
insert into StageIncludeTrainee values(2020,3,2034, '899360208889', 1, 278);
insert into StageIncludeTrainee values(2020,3,2034, '891603538909', 2, 68);
insert into StageIncludeTrainee values(2020,3,2034, '891603648909', 3, 88);

-- EP 4
insert into StageIncludeTrainee values(2020,4,2041, '348771200167', 2, 391); --
insert into StageIncludeTrainee values(2020,4,2041, '458661200167', 1, 491); --
insert into StageIncludeTrainee values(2020,4,2041, '568361206567', 3, 357); --
insert into StageIncludeTrainee values(2020,4,2041, '832735769909', 1, 103);

insert into StageIncludeTrainee values(2020,4,2042, '568361212167', 1, 322); --
insert into StageIncludeTrainee values(2020,4,2042, '788361980167', 2, 356); --
insert into StageIncludeTrainee values(2020,4,2042, '899231200167', 1, 451); --
insert into StageIncludeTrainee values(2020,4,2042, '891713769909', 3, 54);

insert into StageIncludeTrainee values(2020,4,2043, '678361298167', 1, 423); --
insert into StageIncludeTrainee values(2020,4,2043, '823361200167', 2, 315); --
insert into StageIncludeTrainee values(2020,4,2043, '779360200178', 3, 329); --
insert into StageIncludeTrainee values(2020,4,2043, '732735769819', 1, 90);

insert into StageIncludeTrainee values(2020,4,2044, '899360208889', 2, 404); --
insert into StageIncludeTrainee values(2020,4,2044, '890502314609', 1, 231);
insert into StageIncludeTrainee values(2020,4,2044, '891602314609', 3, 115);
insert into StageIncludeTrainee values(2020,4,2044, '891603536709', 1, 19);

-- EP 5
insert into StageIncludeTrainee values(2020,5,2051, '348771200167', 1, null);
insert into StageIncludeTrainee values(2020,5,2051, '458661200167', 1, null);
insert into StageIncludeTrainee values(2020,5,2051, '568361206567', 2, null);
insert into StageIncludeTrainee values(2020,5,2051, '568361212167', 3, null);
insert into StageIncludeTrainee values(2020,5,2051, '788361980167', 1, null);

insert into StageIncludeTrainee values(2020,5,2052, '899231200167', 1, null);
insert into StageIncludeTrainee values(2020,5,2052, '678361298167', 1, null);
insert into StageIncludeTrainee values(2020,5,2052, '823361200167', 2, null);
insert into StageIncludeTrainee values(2020,5,2052, '779360200178', 3, null);
insert into StageIncludeTrainee values(2020,5,2052, '899360208889', 1, null);

insert into StageIncludeTrainee values(2020,5,2053, '348771200167', 1, 123);
insert into StageIncludeTrainee values(2020,5,2054, '458661200167', 1, 126);
insert into StageIncludeTrainee values(2020,5,2055, '568361206567', 2, 217);
insert into StageIncludeTrainee values(2020,5,2056, '568361212167', 3, 453);
insert into StageIncludeTrainee values(2020,5,2057, '788361980167', 1, 233);

insert into StageIncludeTrainee values(2020,5,2058, '899231200167', 1, 123);
insert into StageIncludeTrainee values(2020,5,2059, '678361298167', 1, 245);
insert into StageIncludeTrainee values(2020,5,20510,'823361200167', 2, 341);
insert into StageIncludeTrainee values(2020,5,20511,'779360200178', 3, 465);
insert into StageIncludeTrainee values(2020,5,20512,'899360208889', 1, 466);

-- 2021 EP 1
insert into StageIncludeTrainee values(2021,1,2111, '823591314609', 1, null);
insert into StageIncludeTrainee values(2021,1,2112, '890232314609', 1, null);
insert into StageIncludeTrainee values(2021,1,2113, '891602314099', 1, null);
insert into StageIncludeTrainee values(2021,1,2114, '891602655609', 1, null);
insert into StageIncludeTrainee values(2021,1,2115, '891603425239', 1, null);
insert into StageIncludeTrainee values(2021,1,2116, '891603536509', 1, null);
insert into StageIncludeTrainee values(2021,1,2117, '891603536549', 1, null);
insert into StageIncludeTrainee values(2021,1,2118, '891644538909', 1, null);
insert into StageIncludeTrainee values(2021,1,2119, '891603658909', 1, null);
insert into StageIncludeTrainee values(2021,1,21110,'891713648965', 1, null);
insert into StageIncludeTrainee values(2021,1,21111,'891873758909', 1, null);
insert into StageIncludeTrainee values(2021,1,21112,'891723769909', 1, null);
insert into StageIncludeTrainee values(2021,1,21113,'895435769909', 1, null);
insert into StageIncludeTrainee values(2021,1,21114,'832735765409', 1, null);
insert into StageIncludeTrainee values(2021,1,21115,'832235769709', 1, null);
insert into StageIncludeTrainee values(2021,1,21116,'737835769709', 1, null);
insert into StageIncludeTrainee values(2021,1,21117,'732738769819', 1, null);
insert into StageIncludeTrainee values(2021,1,21118,'732235769819', 1, null);
insert into StageIncludeTrainee values(2021,1,21119,'732235769439', 1, null);
insert into StageIncludeTrainee values(2021,1,21120,'835825769439', 1, null);
insert into StageIncludeTrainee values(2021,1,21121,'439360201189', 1, null);
insert into StageIncludeTrainee values(2021,1,21122,'895580201189', 1, null);
insert into StageIncludeTrainee values(2021,1,21123,'899398201389', 1, null);
insert into StageIncludeTrainee values(2021,1,21124,'899323201499', 1, null);
insert into StageIncludeTrainee values(2021,1,21125,'899380267599', 1, null);
insert into StageIncludeTrainee values(2021,1,21126,'892381302599', 1, null);
insert into StageIncludeTrainee values(2021,1,21127,'890481303499', 1, null);
insert into StageIncludeTrainee values(2021,1,21128,'890231302599', 1, null);
insert into StageIncludeTrainee values(2021,1,21129,'320591302609', 1, null);
insert into StageIncludeTrainee values(2021,1,21130,'890231303609', 1, null);
insert into StageIncludeTrainee values(2021,1,21131,'629084856384', 1, null);
insert into StageIncludeTrainee values(2021,1,21132,'232456404174', 1, null);
insert into StageIncludeTrainee values(2021,1,21133,'588367200110', 1, null);
insert into StageIncludeTrainee values(2021,1,21134,'588363130110', 1, null);
insert into StageIncludeTrainee values(2021,1,21135,'588363400120', 1, null);
insert into StageIncludeTrainee values(2021,1,21136,'891713769909', 1, null);
insert into StageIncludeTrainee values(2021,1,21137,'891735769909', 1, null);
insert into StageIncludeTrainee values(2021,1,21138,'832735769909', 1, null);
insert into StageIncludeTrainee values(2021,1,21139,'832735769709', 1, null);
insert into StageIncludeTrainee values(2021,1,21140,'732735769709', 1, null);

-- EP 2
insert into StageIncludeTrainee values(2021,2,2121, '891873758909', 2, 401); ---- 1
insert into StageIncludeTrainee values(2021,2,2121, '891723769909', 3, 311); ---- 2
insert into StageIncludeTrainee values(2021,2,2121, '895435769909', 1, 341); ---- 3
insert into StageIncludeTrainee values(2021,2,2121, '832735765409', 1, 219);
insert into StageIncludeTrainee values(2021,2,2121, '832235769709', 1, 142);

insert into StageIncludeTrainee values(2021,2,2122, '737835769709', 2, 392); ---- 1
insert into StageIncludeTrainee values(2021,2,2122, '732738769819', 3, 415); ---- 2
insert into StageIncludeTrainee values(2021,2,2122, '732235769819', 1, 216);
insert into StageIncludeTrainee values(2021,2,2122, '732235769439', 1, 119);
insert into StageIncludeTrainee values(2021,2,2122, '835825769439', 1, 133);
-- 21- 25
insert into StageIncludeTrainee values(2021,2,2123, '439360201189', 2, 323); -- 1
insert into StageIncludeTrainee values(2021,2,2123, '895580201189', 3, 335); -- 1
insert into StageIncludeTrainee values(2021,2,2123, '899398201389', 1, 319); -- 1
insert into StageIncludeTrainee values(2021,2,2123, '899323201499', 1, 477); -- 2
insert into StageIncludeTrainee values(2021,2,2123, '899380267599', 1, 444); -- 2
-- 26-30
insert into StageIncludeTrainee values(2021,2,2124, '892381302599', 1, 344); -- 2
insert into StageIncludeTrainee values(2021,2,2124, '890481303499', 1, 307); -- 3
insert into StageIncludeTrainee values(2021,2,2124, '890231302599', 2, 450); -- 3
insert into StageIncludeTrainee values(2021,2,2124, '320591302609', 3, 389); -- 4
insert into StageIncludeTrainee values(2021,2,2124, '890231303609', 1, 311); -- 4

insert into StageIncludeTrainee values(2021,2,2125, '629084856384', 1, 315); ---- 4
insert into StageIncludeTrainee values(2021,2,2125, '232456404174', 3, 341); ---- 3
insert into StageIncludeTrainee values(2021,2,2125, '588367200110', 1, 396); ---- 3
insert into StageIncludeTrainee values(2021,2,2125, '588363130110', 2, 269);
insert into StageIncludeTrainee values(2021,2,2125, '588363400120', 1, 222);

insert into StageIncludeTrainee values(2021,2,2126, '891713769909', 1, 306); ---- 4
insert into StageIncludeTrainee values(2021,2,2126, '891735769909', 2, 492); ---- 4
insert into StageIncludeTrainee values(2021,2,2126, '832735769909', 3, 124);
insert into StageIncludeTrainee values(2021,2,2126, '832735769709', 1, 98);
insert into StageIncludeTrainee values(2021,2,2126, '732735769709', 1, 58);

-- EP 3
insert into StageIncludeTrainee values(2021,3,2131, '439360201189', 1, 281); -- 1
insert into StageIncludeTrainee values(2021,3,2131, '895580201189', 2, 292); -- 1
insert into StageIncludeTrainee values(2021,3,2131, '899398201389', 3, 221); -- 2
insert into StageIncludeTrainee values(2021,3,2131, '891873758909', 1, 121);
insert into StageIncludeTrainee values(2021,3,2131, '737835769709', 1, 15);

insert into StageIncludeTrainee values(2021,3,2132, '899323201499', 2, 212); -- 1
insert into StageIncludeTrainee values(2021,3,2132, '899380267599', 3, 225); -- 1
insert into StageIncludeTrainee values(2021,3,2132, '892381302599', 1, 243); -- 3
insert into StageIncludeTrainee values(2021,3,2132, '891723769909', 1, 29);
insert into StageIncludeTrainee values(2021,3,2132, '732738769819', 1, 16);

insert into StageIncludeTrainee values(2021,3,2133, '890481303499', 1, 383); -- 2
insert into StageIncludeTrainee values(2021,3,2133, '890231302599', 2, 314); -- 3
insert into StageIncludeTrainee values(2021,3,2133, '895435769909', 1, 484); ---- 2
insert into StageIncludeTrainee values(2021,3,2133, '232456404174', 3, 338); ---- 3
insert into StageIncludeTrainee values(2021,3,2133, '588367200110', 1, 417); ---- 4

insert into StageIncludeTrainee values(2021,3,2134, '320591302609', 1, 464); -- 4
insert into StageIncludeTrainee values(2021,3,2134, '890231303609', 2, 427); -- 4
insert into StageIncludeTrainee values(2021,3,2134, '629084856384', 1, 398); ---- 2
insert into StageIncludeTrainee values(2021,3,2134, '891713769909', 1, 318); ---- 3
insert into StageIncludeTrainee values(2021,3,2134, '891735769909', 3, 301); ---- 4

-- EP 4
insert into StageIncludeTrainee values(2021,4,2141, '439360201189', 2, 411); -- 1
insert into StageIncludeTrainee values(2021,4,2141, '895580201189', 3, 325); -- 1
insert into StageIncludeTrainee values(2021,4,2141, '899323201499', 1, 357); -- 2
insert into StageIncludeTrainee values(2021,4,2141, '899380267599', 1, 372); -- 2

insert into StageIncludeTrainee values(2021,4,2142, '899398201389', 1, 322); -- 1
insert into StageIncludeTrainee values(2021,4,2142, '890481303499', 1, 356); -- 1
insert into StageIncludeTrainee values(2021,4,2142, '895435769909', 2, 251);
insert into StageIncludeTrainee values(2021,4,2142, '629084856384', 3, 197);

insert into StageIncludeTrainee values(2021,4,2143, '892381302599', 1, 373); -- 1
insert into StageIncludeTrainee values(2021,4,2143, '890231302599', 2, 309); -- 2
insert into StageIncludeTrainee values(2021,4,2143, '232456404174', 1, 24);
insert into StageIncludeTrainee values(2021,4,2143, '891713769909', 3, 99);

insert into StageIncludeTrainee values(2021,4,2144, '320591302609', 2, 414); -- 2
insert into StageIncludeTrainee values(2021,4,2144, '890231303609', 1, 411); -- 2
insert into StageIncludeTrainee values(2021,4,2144, '588367200110', 3, 125);
insert into StageIncludeTrainee values(2021,4,2144, '891735769909', 1, 59);

-- EP 5
insert into StageIncludeTrainee values(2021,5,2151, '439360201189', 1, null);
insert into StageIncludeTrainee values(2021,5,2151, '895580201189', 1, null);
insert into StageIncludeTrainee values(2021,5,2151, '899398201389', 2, null);
insert into StageIncludeTrainee values(2021,5,2151, '892381302599', 3, null);

insert into StageIncludeTrainee values(2021,5,2151, '890481303499', 1, null);

insert into StageIncludeTrainee values(2021,5,2152, '899323201499', 1, null);
insert into StageIncludeTrainee values(2021,5,2152, '899380267599', 1, null);
insert into StageIncludeTrainee values(2021,5,2152, '890231302599', 2, null);
insert into StageIncludeTrainee values(2021,5,2152, '320591302609', 3, null);
insert into StageIncludeTrainee values(2021,5,2152, '890231303609', 1, null);

insert into StageIncludeTrainee values(2021,5,2153, '439360201189', 1, 123);
insert into StageIncludeTrainee values(2021,5,2154, '895580201189', 1, 126);
insert into StageIncludeTrainee values(2021,5,2155, '899398201389', 2, 217);
insert into StageIncludeTrainee values(2021,5,2156, '892381302599', 3, 253);
insert into StageIncludeTrainee values(2021,5,2157, '890481303499', 1, 153);
insert into StageIncludeTrainee values(2021,5,2158, '899323201499', 1, 193);
insert into StageIncludeTrainee values(2021,5,2159, '899380267599', 1, 415);
insert into StageIncludeTrainee values(2021,5,21510, '890231302599', 2, 271);
insert into StageIncludeTrainee values(2021,5,21511, '320591302609', 3, 470);
insert into StageIncludeTrainee values(2021,5,21512, '890231303609', 1, 422);
commit;

select * from stage;
-- Group
insert into "Group" values('Maroon 5', 5, 1);
insert into "Group" values('One Direction', 5, 10);
insert into "Group" values('Westlife', 5, 5);
insert into "Group" values('BTS', 7, 9);
insert into "Group" values('Big Bang', 5, 3);

-- GroupSignatureSong
insert into GroupSignatureSong values('Maroon 5', 'Sugar');
insert into GroupSignatureSong values('Maroon 5', 'Payphone');
insert into GroupSignatureSong values('Maroon 5', 'Memories');
insert into GroupSignatureSong values('One Direction', 'What Makes You Beautiful');
insert into GroupSignatureSong values('One Direction', 'One Thing');
insert into GroupSignatureSong values('One Direction', 'Steal My Girls');
insert into GroupSignatureSong values('Westlife', 'Soledad');
insert into GroupSignatureSong values('Westlife', 'If I Let You Go');
insert into GroupSignatureSong values('Westlife', 'My Love');
insert into GroupSignatureSong values('BTS', 'Fire');
insert into GroupSignatureSong values('BTS', 'Fake love');
insert into GroupSignatureSong values('BTS', 'Dynamite');
insert into GroupSignatureSong values('Big Bang', 'Still Life');
insert into GroupSignatureSong values('Big Bang', 'Lets Not Fall In Love');
insert into GroupSignatureSong values('Big Bang', 'Bang Bang Bang');

-- GuestSupportStage
insert into GuestSupportStage values(2, 2018, 4, 1841);
insert into GuestSupportStage values(1, 2018, 4, 1842);
insert into GuestSupportStage values(3, 2018, 4, 1843);
insert into GuestSupportStage values(4, 2018, 4, 1844);
insert into GuestSupportStage values(5, 2019, 4, 1941);
insert into GuestSupportStage values(6, 2019, 4, 1942);
insert into GuestSupportStage values(7, 2019, 4, 1943);
insert into GuestSupportStage values(8, 2019, 4, 1944);
insert into GuestSupportStage values(9, 2020, 4, 2041);
insert into GuestSupportStage values(10, 2020, 4, 2042);
insert into GuestSupportStage values(10, 2020, 4, 2043);
insert into GuestSupportStage values(9, 2020, 4, 2044);